Id,Name,Position,Date of Birth,Country,Market Value,Team,TeamId,PictureUrl
45189,Jhonatan,Goalkeeper,1991-05-08,Brazil,800000,Rio Ave FC,496,https://img.a.transfermarkt.technology/portrait/medium/212216-1676542269.jpg?lm=1
114150,Cezary Miszta,Goalkeeper,2001-10-30,Poland,1000000,Rio Ave FC,496,https://img.a.transfermarkt.technology/portrait/medium/487167-1677702640.png?lm=1
263610,Antzelo Sina,Goalkeeper,2004-01-07,Albania,200000,Rio Ave FC,496,https://img.a.transfermarkt.technology/portrait/medium/923129-1696272487.jpg?lm=1
4266,Omar Richards,Defence,1998-02-15,England,2500000,Rio Ave FC,496,https://img.a.transfermarkt.technology/portrait/medium/424881-1596807986.jpg?lm=1
98870,Jonathan Panzo,Defence,2000-10-25,England,1200000,Rio Ave FC,496,https://img.a.transfermarkt.technology/portrait/medium/392777-1684494358.jpg?lm=1
178737,Patrick William,Defence,1997-06-03,Brazil,800000,Rio Ave FC,496,https://img.a.transfermarkt.technology/portrait/medium/560903-1676542575.jpg?lm=1
193588,Joao Tome,Defence,2003-02-12,Portugal,1000000,Rio Ave FC,496,https://img.a.transfermarkt.technology/portrait/medium/551981-1704295035.jpg?lm=1
194165,Aderlan,Defence,1989-04-09,Brazil,200000,Rio Ave FC,496,https://img.a.transfermarkt.technology/portrait/medium/159142-1676543087.jpg?lm=1
204151,Jorge Karseladze,Defence,2005-03-18,Portugal,3000000,Rio Ave FC,496,https://img.a.transfermarkt.technology/portrait/medium/290256-1599421564.jpg?lm=1
250593,Francisco Petrasso,Defence,2002-02-28,Argentina,1500000,Rio Ave FC,496,https://img.a.transfermarkt.technology/portrait/medium/985683-1724874185.jpg?lm=1
45452,João Novais,Midfield,1993-07-10,Portugal,900000,Rio Ave FC,496,https://img.a.transfermarkt.technology/portrait/medium/228940-1694440227.png?lm=1
172912,Demir Tiknaz,Midfield,2004-08-17,Turkey,100000,Rio Ave FC,496,https://img.a.transfermarkt.technology/portrait/medium/138285-1548346230.jpg?lm=1
220603,Chukwudi Igbokwe,Midfield,2002-06-20,Nigeria,100000,Rio Ave FC,496,https://img.a.transfermarkt.technology/portrait/medium/default.jpg?lm=1
261561,Georgios Okkas,Midfield,2004-10-24,Cyprus,200000,Rio Ave FC,496,https://img.a.transfermarkt.technology/portrait/medium/614987-1681592213.PNG?lm=1
271031,Michalis Patiras,Midfield,2004-05-13,Greece,350000,Rio Ave FC,496,https://img.a.transfermarkt.technology/portrait/medium/743987-1629128023.JPG?lm=1
105208,Kiko Bondoso,Offence,1995-11-17,Portugal,600000,Rio Ave FC,496,https://img.a.transfermarkt.technology/portrait/medium/590302-1701335059.png?lm=1
141542,Clayton,Offence,1999-01-11,Brazil,2500000,Rio Ave FC,496,https://img.a.transfermarkt.technology/portrait/medium/733579-1663603724.png?lm=1
170807,Ahmed Hassan Koka,Offence,1993-03-05,Egypt,1200000,Rio Ave FC,496,https://img.a.transfermarkt.technology/portrait/medium/184816-1669802583.png?lm=1
211519,Tobias Medina,Offence,2004-03-03,Argentina,1000000,Rio Ave FC,496,https://img.a.transfermarkt.technology/portrait/medium/default.jpg?lm=1
244984,Karem Zoabi,Offence,2006-05-03,Israel,900000,Rio Ave FC,496,https://img.a.transfermarkt.technology/portrait/medium/default.jpg?lm=1
273017,Valentim Sousa,Offence,2005-02-14,Portugal,0,Rio Ave FC,496,https://img.a.transfermarkt.technology/portrait/medium/default.jpg?lm=1
165143,Martim Neto,Central Midfield,2003-01-14,Portugal,3000000,Rio Ave FC,496,https://img.a.transfermarkt.technology/portrait/medium/549027-1710239527.png?lm=1
150925,Tiago Fonseca Morais,Left Winger,2003-09-03,Portugal,3000000,Rio Ave FC,496,https://img.a.transfermarkt.technology/portrait/medium/815652-1722091202.jpg?lm=1
142162,Ole Pohlmann,Central Midfield,2001-04-05,Germany,2500000,Rio Ave FC,496,https://img.a.transfermarkt.technology/portrait/medium/405690-1692013289.jpg?lm=1
74844,Renato Pantalon,Centre-Back,1997-10-27,Croatia,800000,Rio Ave FC,496,https://img.a.transfermarkt.technology/portrait/medium/410281-1676542925.jpg?lm=1
43696,Vitor Gomes,Defensive Midfield,1987-12-25,Portugal,100000,Rio Ave FC,496,https://img.a.transfermarkt.technology/portrait/medium/38780-1676547235.jpg?lm=1
37490,Amine Oudrhiri,Defensive Midfield,1992-11-04,Morocco,400000,Rio Ave FC,496,https://img.a.transfermarkt.technology/portrait/medium/306668-1676547114.jpg?lm=1
15990,Marious Vrousai,Right Winger,1998-07-02,Greece,1000000,Rio Ave FC,496,https://img.a.transfermarkt.technology/portrait/medium/395632-1567758848.jpg?lm=1
227767,João Muniz,Centre-Back,2005-06-26,Portugal,500000,Rio Ave FC,496,https://img.a.transfermarkt.technology/portrait/medium/984439-1693591906.jpg?lm=1
185179,Brandon Aguilera,Attacking Midfield,2003-06-28,Costa Rica,300000,Rio Ave FC,496,https://img.a.transfermarkt.technology/portrait/medium/631996-1669971243.jpg?lm=1
185150,João Graça,Central Midfield,1995-06-18,Portugal,500000,Rio Ave FC,496,https://img.a.transfermarkt.technology/portrait/medium/257707-1676547331.jpg?lm=1
185138,Fábio Ronaldo,Right Winger,2001-04-28,Portugal,1500000,Rio Ave FC,496,https://img.a.transfermarkt.technology/portrait/medium/742506-1676548424.jpg?lm=1
97893,Franco Israel,Goalkeeper,2000-04-22,Uruguay,5000000,Sporting Clube de Portugal,498,https://img.a.transfermarkt.technology/portrait/medium/492319-1666100418.jpg?lm=1
172267,Vladan Kovacevic,Goalkeeper,1998-04-11,Bosnia-Herzegovina,6000000,Sporting Clube de Portugal,498,https://img.a.transfermarkt.technology/portrait/medium/429070-1725522865.jpg?lm=1
178770,Diego Calai,Goalkeeper,2004-07-18,Italy,1000000,Sporting Clube de Portugal,498,https://img.a.transfermarkt.technology/portrait/medium/848875-1693591996.jpg?lm=1
194860,Francisco Silva,Goalkeeper,2005-11-20,Portugal,200000,Sporting Clube de Portugal,498,https://img.a.transfermarkt.technology/portrait/medium/33706-1695118404.png?lm=1
202181,Diogo Pinto,Goalkeeper,2004-06-18,Portugal,500000,Sporting Clube de Portugal,498,https://img.a.transfermarkt.technology/portrait/medium/670711-1689275244.jpg?lm=1
160926,Zeno Debast,Defence,2003-10-24,Belgium,22000000,Sporting Clube de Portugal,498,https://img.a.transfermarkt.technology/portrait/medium/548193-1725523076.jpg?lm=1
178768,Eduardo Quaresma,Defence,2002-03-02,Portugal,14000000,Sporting Clube de Portugal,498,https://img.a.transfermarkt.technology/portrait/medium/504073-1595248439.jpg?lm=1
191760,Ousmane Diomande,Defence,2003-12-04,Ivory Coast,40000000,Sporting Clube de Portugal,498,https://img.a.transfermarkt.technology/portrait/medium/974982-1676898824.jpg?lm=1
242475,Bruno Ramos,Defence,2005-01-18,Brazil,1500000,Sporting Clube de Portugal,498,https://img.a.transfermarkt.technology/portrait/medium/367468-1678038066.jpg?lm=1
270550,Miguel Alves,Defence,2005-12-30,Portugal,50000,Sporting Clube de Portugal,498,https://img.a.transfermarkt.technology/portrait/medium/59248-1668162778.png?lm=1
28770,Maximiliano Araújo,Midfield,2000-02-15,Uruguay,200000,Sporting Clube de Portugal,498,https://img.a.transfermarkt.technology/portrait/medium/695141-1710239166.jpg?lm=1
270551,João Simões,Midfield,2007-01-06,Portugal,2000000,Sporting Clube de Portugal,498,https://img.a.transfermarkt.technology/portrait/medium/504503-1695207301.jpg?lm=1
270782,Luís Gomes,Midfield,2004-04-24,Portugal,350000,Sporting Clube de Portugal,498,https://img.a.transfermarkt.technology/portrait/medium/305946-1500043002.jpg?lm=1
272008,Henrique Arreiol,Midfield,2005-06-21,Portugal,1800000,Sporting Clube de Portugal,498,https://img.a.transfermarkt.technology/portrait/medium/505655-1625667504.jpg?lm=1
273036,Alexandre Brito,Midfield,2005-07-19,Portugal,27000000,Sporting Clube de Portugal,498,https://img.a.transfermarkt.technology/portrait/medium/454121-1702502076.jpg?lm=1
204124,Mauro Couto,Offence,2005-11-15,Portugal,1000000,Sporting Clube de Portugal,498,https://img.a.transfermarkt.technology/portrait/medium/875511-1631628777.jpg?lm=1
206744,Conrad Harder,Offence,2005-04-07,Denmark,16000000,Sporting Clube de Portugal,498,https://img.a.transfermarkt.technology/portrait/medium/807386-1697191702.jpg?lm=1
229421,Geovany Quenda,Offence,2007-04-30,Portugal,15000000,Sporting Clube de Portugal,498,https://img.a.transfermarkt.technology/portrait/medium/1138758-1730207849.jpg?lm=1
247303,Rafael Nel,Offence,2005-04-03,Portugal,700000,Sporting Clube de Portugal,498,https://img.a.transfermarkt.technology/portrait/medium/468332-1705663732.png?lm=1
264311,Gabriel Silva,Offence,2007-04-09,Portugal,1700000,Sporting Clube de Portugal,498,https://img.a.transfermarkt.technology/portrait/medium/627224-1598272630.jpg?lm=1
176840,Ivan Fresneda,Right-Back,2004-09-28,Spain,9000000,Sporting Clube de Portugal,498,https://img.a.transfermarkt.technology/portrait/medium/946883-1725523108.jpg?lm=1
145357,Gonçalo Inácio,Centre-Back,2001-08-25,Portugal,45000000,Sporting Clube de Portugal,498,https://img.a.transfermarkt.technology/portrait/medium/549006-1716296254.jpg?lm=1
128825,Geny Catamo,Right Winger,2001-01-26,Mozambique,15000000,Sporting Clube de Portugal,498,https://img.a.transfermarkt.technology/portrait/medium/701979-1571749109.jpg?lm=1
102336,Daniel Bragança,Central Midfield,1999-05-27,Portugal,12000000,Sporting Clube de Portugal,498,https://img.a.transfermarkt.technology/portrait/medium/461943-1602774752.jpg?lm=1
92050,Pedro Gonçalves,Attacking Midfield,1998-06-28,Portugal,32000000,Sporting Clube de Portugal,498,https://img.a.transfermarkt.technology/portrait/medium/426620-1602774745.jpg?lm=1
73998,Morten Hjulmand,Defensive Midfield,1999-06-25,Denmark,40000000,Sporting Clube de Portugal,498,https://img.a.transfermarkt.technology/portrait/medium/461496-1725633200.jpg?lm=1
49092,Hidemasa Morita,Central Midfield,1995-05-10,Japan,15000000,Sporting Clube de Portugal,498,https://img.a.transfermarkt.technology/portrait/medium/524315-1666099446.jpg?lm=1
45463,Nuno Santos,Left-Back,1995-02-13,Portugal,1500000,Sporting Clube de Portugal,498,https://img.a.transfermarkt.technology/portrait/medium/367468-1678038066.jpg?lm=1
45388,Ricardo Esgaio,Right-Back,1993-05-16,Portugal,3000000,Sporting Clube de Portugal,498,https://img.a.transfermarkt.technology/portrait/medium/139395-1591776235.png?lm=1
45210,Matheus Reis,Left-Back,1995-02-18,Brazil,8000000,Sporting Clube de Portugal,498,https://img.a.transfermarkt.technology/portrait/medium/379249-1666100890.jpg?lm=1
37332,Trincão,Left Winger,1999-12-29,Portugal,23000000,Sporting Clube de Portugal,498,https://img.a.transfermarkt.technology/portrait/medium/412669-1666100780.jpg?lm=1
8279,Viktor Gyökeres,Centre-Forward,1998-06-04,Sweden,70000000,Sporting Clube de Portugal,498,https://img.a.transfermarkt.technology/portrait/medium/325443-1693591840.jpg?lm=1
7465,Jerry St. Juste,Centre-Back,1996-10-19,Netherlands,8000000,Sporting Clube de Portugal,498,https://img.a.transfermarkt.technology/portrait/medium/288253-1666099589.jpg?lm=1
3999,Marcus Edwards,Right Winger,1998-12-03,England,18000000,Sporting Clube de Portugal,498,https://img.a.transfermarkt.technology/portrait/medium/314367-1653379978.jpg?lm=1
204136,Afonso Moreira,Left Winger,2005-03-19,Portugal,1000000,Sporting Clube de Portugal,498,https://img.a.transfermarkt.technology/portrait/medium/448264-1547566691.png?lm=1
13887,Samuel Portugal,Goalkeeper,1994-03-29,Brazil,1500000,FC Porto,503,https://img.a.transfermarkt.technology/portrait/medium/284701-1669115006.png?lm=1
37362,Diogo Costa,Goalkeeper,1999-09-19,Portugal,100000,FC Porto,503,https://img.a.transfermarkt.technology/portrait/medium/default.jpg?lm=1
45217,Cláudio Ramos,Goalkeeper,1991-11-16,Portugal,1500000,FC Porto,503,https://img.a.transfermarkt.technology/portrait/medium/155396-1606395113.png?lm=1
250537,Gonçalo Ribeiro,Goalkeeper,2006-01-15,Portugal,150000,FC Porto,503,https://img.a.transfermarkt.technology/portrait/medium/default.jpg?lm=1
227047,Martim Fernandes,Defence,2006-01-18,Portugal,6000000,FC Porto,503,https://img.a.transfermarkt.technology/portrait/medium/935480-1725014659.png?lm=1
250544,Gabriel Brás,Defence,2004-03-25,Portugal,300000,FC Porto,503,https://img.a.transfermarkt.technology/portrait/medium/662033-1612038792.png?lm=1
178712,Vasco Sousa,Midfield,2003-04-03,Portugal,5000000,FC Porto,503,https://img.a.transfermarkt.technology/portrait/medium/575716-1725014523.png?lm=1
261273,Rodrigo Mora,Midfield,2007-05-05,Portugal,10000000,FC Porto,503,https://img.a.transfermarkt.technology/portrait/medium/957653-1725014920.png?lm=1
102579,Fran Navarro,Offence,1998-02-03,Spain,7000000,FC Porto,503,https://img.a.transfermarkt.technology/portrait/medium/284883-1693589967.png?lm=1
188466,Deniz Gul,Offence,2004-07-02,Sweden,700000,FC Porto,503,https://img.a.transfermarkt.technology/portrait/medium/default.jpg?lm=1
251113,Gonçalo Sousa,Offence,2006-06-30,Portugal,600000,FC Porto,503,https://img.a.transfermarkt.technology/portrait/medium/383014-1724845350.jpg?lm=1
112948,Fabio Vieira,Attacking Midfield,2000-05-30,Portugal,22000000,FC Porto,503,https://img.a.transfermarkt.technology/portrait/medium/537598-1678468077.jpg?lm=1
98611,Moura,Left-Back,1999-08-16,Portugal,7000000,FC Porto,503,https://img.a.transfermarkt.technology/portrait/medium/478365-1537881888.jpg?lm=1
83223,Ivan Jaime Pajuelo,Attacking Midfield,2000-09-26,Spain,8000000,FC Porto,503,https://img.a.transfermarkt.technology/portrait/medium/610335-1693590350.png?lm=1
82126,João Mário Lopes,Right-Back,2000-01-03,Portugal,15000000,FC Porto,503,https://img.a.transfermarkt.technology/portrait/medium/537602-1606396732.png?lm=1
52950,Zé Pedro Figueiredo,Centre-Back,1997-06-06,Portugal,3000000,FC Porto,503,https://img.a.transfermarkt.technology/portrait/medium/406151-1537887599.jpg?lm=1
45671,Nehuén Pérez,Centre-Back,2000-06-24,Argentina,13000000,FC Porto,503,https://img.a.transfermarkt.technology/portrait/medium/491693-1695029359.jpg?lm=1
37479,Stephen Eustáquio,Central Midfield,1996-12-21,Canada,11000000,FC Porto,503,https://img.a.transfermarkt.technology/portrait/medium/512913-1720430046.jpg?lm=1
37363,Galeno,Left Winger,1997-10-22,Brazil,27000000,FC Porto,503,https://img.a.transfermarkt.technology/portrait/medium/454121-1702502076.jpg?lm=1
37134,Tiago Djaló,Centre-Back,2000-04-09,Portugal,12000000,FC Porto,503,https://img.a.transfermarkt.technology/portrait/medium/420465-1666690517.jpg?lm=1
15902,Marcano,Centre-Back,1987-06-23,Spain,250000,FC Porto,503,https://img.a.transfermarkt.technology/portrait/medium/57723-1582712906.png?lm=1
6475,Wendell,Left-Back,1993-07-20,Brazil,5000000,FC Porto,503,https://img.a.transfermarkt.technology/portrait/medium/228433-1669115150.png?lm=1
4289,Daniel Loader,Centre-Forward,2000-08-28,England,200000,FC Porto,503,https://img.a.transfermarkt.technology/portrait/medium/33706-1695118404.png?lm=1
3442,Marko Grujić,Defensive Midfield,1996-04-13,Serbia,6000000,FC Porto,503,https://img.a.transfermarkt.technology/portrait/medium/222813-1606396482.png?lm=1
1166,Pepê,Left Winger,1997-02-24,Brazil,30000000,FC Porto,503,https://img.a.transfermarkt.technology/portrait/medium/520662-1669115201.png?lm=1
215434,Samu Omorodion,Centre-Forward,,Spain,100000,FC Porto,503,https://img.a.transfermarkt.technology/portrait/medium/default.jpg?lm=1
171986,Nico Gonzalez,Central Midfield,2002-01-03,Spain,15000000,FC Porto,503,https://img.a.transfermarkt.technology/portrait/medium/466805-1693590295.png?lm=1
171343,André Franco,Attacking Midfield,1998-04-12,Portugal,3000000,FC Porto,503,https://img.a.transfermarkt.technology/portrait/medium/448470-1669112459.png?lm=1
153629,Alan Varela,Defensive Midfield,2001-07-04,Argentina,35000000,FC Porto,503,https://img.a.transfermarkt.technology/portrait/medium/756990-1693590239.png?lm=1
151363,Otavio Ataide,Centre-Back,2002-04-21,Brazil,75000,FC Porto,503,https://img.a.transfermarkt.technology/portrait/medium/213510-1534846680.jpg?lm=1
126149,Gonçalo Borges,Right Winger,2001-03-29,Portugal,4000000,FC Porto,503,https://img.a.transfermarkt.technology/portrait/medium/479649-1693589900.png?lm=1
125160,Zaidu Sanusi,Left-Back,1997-06-13,Nigeria,3000000,FC Porto,503,https://img.a.transfermarkt.technology/portrait/medium/544784-1606396308.png?lm=1
7821,Joel Robles,Goalkeeper,1990-06-17,Spain,700000,GD Estoril Praia,582,https://img.a.transfermarkt.technology/portrait/medium/101118-1698420821.JPG?lm=1
110864,Kevin Chamorro,Goalkeeper,2000-04-08,Costa Rica,375000,GD Estoril Praia,582,https://img.a.transfermarkt.technology/portrait/medium/378521-1715904382.png?lm=1
213111,Diogo Dias,Goalkeeper,2003-06-17,Portugal,325000,GD Estoril Praia,582,https://img.a.transfermarkt.technology/portrait/medium/314886-1537884653.jpg?lm=1
272009,Željko Vitorović,Goalkeeper,2006-02-02,Serbia,4000000,GD Estoril Praia,582,https://img.a.transfermarkt.technology/portrait/medium/396342-1695208414.jpg?lm=1
37555,Pedro Amaral,Defence,1997-08-25,Portugal,700000,GD Estoril Praia,582,https://img.a.transfermarkt.technology/portrait/medium/319623-1724848201.jpg?lm=1
75196,Felix Bacher,Defence,2000-10-25,Austria,500000,GD Estoril Praia,582,https://img.a.transfermarkt.technology/portrait/medium/394134-1724845183.jpg?lm=1
151006,Kévin Boma,Defence,2002-11-20,France,600000,GD Estoril Praia,582,https://img.a.transfermarkt.technology/portrait/medium/709727-1724848643.jpg?lm=1
185120,Gonçalo Costa,Defence,2000-02-18,Portugal,600000,GD Estoril Praia,582,https://img.a.transfermarkt.technology/portrait/medium/383014-1724845350.jpg?lm=1
229014,Sierra Arnal,Defence,2003-03-17,Spain,150000,GD Estoril Praia,582,https://img.a.transfermarkt.technology/portrait/medium/default.jpg?lm=1
8569,Xeka,Midfield,1994-11-10,Portugal,3000000,GD Estoril Praia,582,https://img.a.transfermarkt.technology/portrait/medium/290256-1599421564.jpg?lm=1
16752,João Carvalho,Midfield,1997-03-09,Portugal,1200000,GD Estoril Praia,582,https://img.a.transfermarkt.technology/portrait/medium/258005-1541149759.JPG?lm=1
146983,Jandro Orellana,Midfield,2000-08-07,Spain,1000000,GD Estoril Praia,582,https://img.a.transfermarkt.technology/portrait/medium/388548-1724848451.jpg?lm=1
182034,Duarte Carvalho,Midfield,2002-05-30,Portugal,100000,GD Estoril Praia,582,https://img.a.transfermarkt.technology/portrait/medium/default.jpg?lm=1
229280,Manga Foe Ondoa,Midfield,2005-12-12,France,400000,GD Estoril Praia,582,https://img.a.transfermarkt.technology/portrait/medium/default.jpg?lm=1
242472,Martim Watts,Midfield,2005-07-14,Portugal,3000000,GD Estoril Praia,582,https://img.a.transfermarkt.technology/portrait/medium/549027-1710239527.png?lm=1
243570,Pedro Carvalho,Midfield,2003-02-14,Portugal,275000,GD Estoril Praia,582,https://img.a.transfermarkt.technology/portrait/medium/1072238-1724848221.jpg?lm=1
4096,Hélder Costa,Offence,1994-01-12,Angola,1500000,GD Estoril Praia,582,https://img.a.transfermarkt.technology/portrait/medium/173900-1687958907.JPG?lm=1
74159,Fabrício,Offence,1984-12-26,Brazil,500000,GD Estoril Praia,582,https://img.a.transfermarkt.technology/portrait/medium/1070645-1724848419.jpg?lm=1
248958,Fabrício Garcia,Offence,2001-05-04,Cape Verde Islands,500000,GD Estoril Praia,582,https://img.a.transfermarkt.technology/portrait/medium/1070645-1724848419.jpg?lm=1
272011,André Gonçalves,Offence,2003-05-16,Portugal,32000000,GD Estoril Praia,582,https://img.a.transfermarkt.technology/portrait/medium/426620-1602774745.jpg?lm=1
141357,Alejandro Marqués,Centre-Forward,2000-08-04,Venezuela,1000000,GD Estoril Praia,582,https://img.a.transfermarkt.technology/portrait/medium/525602-1724848350.jpg?lm=1
138223,Michel Costa,Defensive Midfield,2001-12-20,Brazil,600000,GD Estoril Praia,582,https://img.a.transfermarkt.technology/portrait/medium/740087-1724848543.jpg?lm=1
135650,Jordan Holsgrove,Defensive Midfield,1999-09-10,Scotland,900000,GD Estoril Praia,582,https://img.a.transfermarkt.technology/portrait/medium/429309-1571162556.jpg?lm=1
37670,Pedro Álvaro,Centre-Back,2000-03-02,Portugal,1500000,GD Estoril Praia,582,https://img.a.transfermarkt.technology/portrait/medium/375376-1724848555.jpg?lm=1
7833,Eliaquim Mangala,Centre-Back,1991-02-13,France,400000,GD Estoril Praia,582,https://img.a.transfermarkt.technology/portrait/medium/90681-1724845234.jpg?lm=1
553,Yanis Begraoui,Centre-Forward,2001-07-04,France,900000,GD Estoril Praia,582,https://img.a.transfermarkt.technology/portrait/medium/569376-1724845434.jpg?lm=1
249234,André,Left Winger,2001-05-19,Portugal,3000000,GD Estoril Praia,582,https://img.a.transfermarkt.technology/portrait/medium/448470-1669112459.png?lm=1
244769,Israel Salazar,Centre-Forward,2003-05-10,Spain,200000,GD Estoril Praia,582,https://img.a.transfermarkt.technology/portrait/medium/634430-1700777589.jpg?lm=1
213136,Wagner Pina,Right-Back,2002-11-03,Portugal,2000000,GD Estoril Praia,582,https://img.a.transfermarkt.technology/portrait/medium/1072017-1724845318.jpg?lm=1
170694,Vinicius Zanocelo,Central Midfield,2001-01-30,Brazil,3000000,GD Estoril Praia,582,https://img.a.transfermarkt.technology/portrait/medium/646404-1724846307.jpg?lm=1
151941,Volnei Feltes,Centre-Back,2000-04-15,Brazil,650000,GD Estoril Praia,582,https://img.a.transfermarkt.technology/portrait/medium/813229-1705757037.jpg?lm=1
45260,Caio Secco,Goalkeeper,1990-12-22,Brazil,200000,Moreirense FC,583,https://img.a.transfermarkt.technology/portrait/medium/175188-1705663122.png?lm=1
79821,Mika,Goalkeeper,1991-03-08,Portugal,100000,Moreirense FC,583,https://img.a.transfermarkt.technology/portrait/medium/138285-1548346230.jpg?lm=1
117677,Kewin,Goalkeeper,1995-01-25,Brazil,1500000,Moreirense FC,583,https://img.a.transfermarkt.technology/portrait/medium/669219-1705663146.png?lm=1
74795,Bernardo Martins,Midfield,1997-12-04,Portugal,6000000,Moreirense FC,583,https://img.a.transfermarkt.technology/portrait/medium/935480-1725014659.png?lm=1
160459,Sidnei Tavares,Midfield,2001-09-29,Portugal,600000,Moreirense FC,583,https://img.a.transfermarkt.technology/portrait/medium/511813-1709401814.jpg?lm=1
169637,Guilherme Liberato,Midfield,2001-06-16,Brazil,300000,Moreirense FC,583,https://img.a.transfermarkt.technology/portrait/medium/default.jpg?lm=1
37636,Guilherme Schettine,Offence,1995-10-10,Brazil,700000,Moreirense FC,583,https://img.a.transfermarkt.technology/portrait/medium/371245-1689583572.png?lm=1
45464,Gabrielzinho,Offence,1996-09-29,Brazil,450000,Moreirense FC,583,https://img.a.transfermarkt.technology/portrait/medium/523850-1634133748.jpg?lm=1
262588,Pedro Santos,Offence,2003-02-10,Portugal,1700000,Moreirense FC,583,https://img.a.transfermarkt.technology/portrait/medium/825835-1704275152.jpg?lm=1
246564,Carlão,Centre-Back,2003-08-19,Brazil,700000,Moreirense FC,583,https://img.a.transfermarkt.technology/portrait/medium/617679-1710239662.jpg?lm=1
245506,Luis Asué,Centre-Forward,2001-07-09,Equatorial Guinea,1500000,Moreirense FC,583,https://img.a.transfermarkt.technology/portrait/medium/702911-1729962665.jpg?lm=1
213097,Gilberto Batista,Centre-Back,2003-12-29,Portugal,200000,Moreirense FC,583,https://img.a.transfermarkt.technology/portrait/medium/816572-1705663008.png?lm=1
188084,Dinis Pinto,Right-Back,2000-08-24,Portugal,500000,Moreirense FC,583,https://img.a.transfermarkt.technology/portrait/medium/663254-1705663219.png?lm=1
178767,Leonardo Buta,Left-Back,2002-06-05,Portugal,3000000,Moreirense FC,583,https://img.a.transfermarkt.technology/portrait/medium/653415-1710239705.jpg?lm=1
171328,Fabiano Silva,Right-Back,2000-03-14,Brazil,3000000,Moreirense FC,583,https://img.a.transfermarkt.technology/portrait/medium/657387-1705663208.png?lm=1
169237,Alanzinho,Attacking Midfield,2000-03-08,Brazil,3000000,Moreirense FC,583,https://img.a.transfermarkt.technology/portrait/medium/428786-1705663806.png?lm=1
156631,Jeremy Antonisse,Left Winger,2002-03-29,Curaçao,500000,Moreirense FC,583,https://img.a.transfermarkt.technology/portrait/medium/594273-1705664355.png?lm=1
154093,Hernâni Infande,Right Winger,2001-04-03,Portugal,400000,Moreirense FC,583,https://img.a.transfermarkt.technology/portrait/medium/731879-1705664010.png?lm=1
150786,Rúben Ramos,Defensive Midfield,1999-03-25,Portugal,100000,Moreirense FC,583,https://img.a.transfermarkt.technology/portrait/medium/27178-1710239064.jpg?lm=1
64587,Godfried Frimpong,Left-Back,1999-04-21,Netherlands,1500000,Moreirense FC,583,https://img.a.transfermarkt.technology/portrait/medium/364244-1705663635.png?lm=1
45440,Marcelo,Centre-Back,1989-07-27,Brazil,100000,Moreirense FC,583,https://img.a.transfermarkt.technology/portrait/medium/190185-1705662897.png?lm=1
43699,Ponck,Centre-Back,1995-01-13,Cape Verde Islands,800000,Moreirense FC,583,https://img.a.transfermarkt.technology/portrait/medium/341516-1705662770.png?lm=1
39959,Lawrence Ofori,Central Midfield,1998-06-28,Ghana,2000000,Moreirense FC,583,https://img.a.transfermarkt.technology/portrait/medium/536081-1705663776.png?lm=1
18690,Madson,Left Winger,1999-08-26,Brazil,1500000,Moreirense FC,583,https://img.a.transfermarkt.technology/portrait/medium/554300-1705665101.png?lm=1
13839,Maracás,Centre-Back,1994-04-27,Brazil,1000000,Moreirense FC,583,https://img.a.transfermarkt.technology/portrait/medium/373187-1705662823.png?lm=1
1527,Thiago,Goalkeeper,1996-06-12,Brazil,3500000,FC Arouca,712,https://img.a.transfermarkt.technology/portrait/medium/default.jpg?lm=1
10345,Nico Mantl,Goalkeeper,2000-02-06,Germany,1500000,FC Arouca,712,https://img.a.transfermarkt.technology/portrait/medium/349536-1692996965.png?lm=1
102210,João Valido,Goalkeeper,2000-03-03,Portugal,200000,FC Arouca,712,https://img.a.transfermarkt.technology/portrait/medium/532900-1557416800.png?lm=1
131240,Amadou Dante,Defence,2000-10-07,Mali,1500000,FC Arouca,712,https://img.a.transfermarkt.technology/portrait/medium/649087-1694035145.jpg?lm=1
140169,José Fontán,Defence,2000-02-11,Spain,1000000,FC Arouca,712,https://img.a.transfermarkt.technology/portrait/medium/609361-1643110309.jpg?lm=1
151938,Boris Popović,Defence,2000-02-26,Serbia,3500000,FC Arouca,712,https://img.a.transfermarkt.technology/portrait/medium/470796-1706087355.jpg?lm=1
171383,Chico Lamba,Defence,2003-03-10,Portugal,1500000,FC Arouca,712,https://img.a.transfermarkt.technology/portrait/medium/744186-1706081634.jpg?lm=1
37331,Loum Ndiaye,Midfield,1996-12-30,Senegal,250000,FC Arouca,712,https://img.a.transfermarkt.technology/portrait/medium/699501-1700153657.png?lm=1
9178,Ivo Rodrigues,Offence,1995-03-30,Portugal,1300000,FC Arouca,712,https://img.a.transfermarkt.technology/portrait/medium/215122-1716230209.png?lm=1
136929,Pablo Gozalbez,Attacking Midfield,2001-04-30,Spain,800000,FC Arouca,712,https://img.a.transfermarkt.technology/portrait/medium/622992-1698962957.jpg?lm=1
130345,Morlaye Sylla,Left Winger,1998-07-27,Guinea,3000000,FC Arouca,712,https://img.a.transfermarkt.technology/portrait/medium/402112-1653431688.jpg?lm=1
80581,Güven Yalçın,Centre-Forward,1999-01-18,Turkey,1700000,FC Arouca,712,https://img.a.transfermarkt.technology/portrait/medium/341019-1699272429.png?lm=1
79675,Nino Galović,Centre-Back,1992-07-06,Croatia,500000,FC Arouca,712,https://img.a.transfermarkt.technology/portrait/medium/194005-1569421022.png?lm=1
53121,Tiago Esgaio,Right-Back,1995-08-01,Portugal,1000000,FC Arouca,712,https://img.a.transfermarkt.technology/portrait/medium/581121-1638436958.jpg?lm=1
45451,Pedro Moreira,Central Midfield,1989-03-13,Portugal,100000,FC Arouca,712,https://img.a.transfermarkt.technology/portrait/medium/64371-1478771406.jpg?lm=1
37562,Alex Pinto,Right-Back,1998-07-08,Portugal,600000,FC Arouca,712,https://img.a.transfermarkt.technology/portrait/medium/415645-1710239749.jpg?lm=1
32949,Jason,Right Winger,1994-07-06,Spain,2500000,FC Arouca,712,https://img.a.transfermarkt.technology/portrait/medium/263860-1647530884.jpg?lm=1
21132,David Simão,Central Midfield,1990-05-15,Portugal,200000,FC Arouca,712,https://img.a.transfermarkt.technology/portrait/medium/70359-1655553351.png?lm=1
18653,Quaresma,Left-Back,1996-08-22,Brazil,1500000,FC Arouca,712,https://img.a.transfermarkt.technology/portrait/medium/530032-1638436887.jpg?lm=1
15870,Oriol Busquets,Defensive Midfield,1999-01-20,Spain,400000,FC Arouca,712,https://img.a.transfermarkt.technology/portrait/medium/282721-1527584622.jpg?lm=1
192545,Vladislav Morozov,Centre-Forward,2000-10-12,Belarus,500000,FC Arouca,712,https://img.a.transfermarkt.technology/portrait/medium/662415-1680670866.png?lm=1
191142,Pedro Santos,Central Midfield,2000-10-12,Portugal,1700000,FC Arouca,712,https://img.a.transfermarkt.technology/portrait/medium/825835-1704275152.jpg?lm=1
180178,Puche,Left Winger,2001-04-30,Spain,400000,FC Arouca,712,https://img.a.transfermarkt.technology/portrait/medium/default.jpg?lm=1
177322,Henrique Araujo,Centre-Forward,2002-01-19,Portugal,2500000,FC Arouca,712,https://img.a.transfermarkt.technology/portrait/medium/617267-1653476712.jpg?lm=1
169128,Taichi Fukui,Central Midfield,2004-07-15,Japan,1500000,FC Arouca,712,https://img.a.transfermarkt.technology/portrait/medium/868622-1692803071.png?lm=1
167405,Eboue Kouassi,Defensive Midfield,1997-12-13,Ivory Coast,1000000,FC Arouca,712,https://img.a.transfermarkt.technology/portrait/medium/314137-1610919008.jpg?lm=1
165616,Vitinho,Central Midfield,2000-01-04,Brazil,300000,FC Arouca,712,https://img.a.transfermarkt.technology/portrait/medium/467940-1623883783.jpg?lm=1
153734,Matí­as Rocha,Centre-Back,2001-02-13,Uruguay,500000,FC Arouca,712,https://img.a.transfermarkt.technology/portrait/medium/default.jpg?lm=1
146361,Weverson,Left-Back,2000-07-05,Brazil,1500000,FC Arouca,712,https://img.a.transfermarkt.technology/portrait/medium/412367-1654715390.png?lm=1
143641,Alfonso Trezza,Right Winger,1999-06-22,Uruguay,700000,FC Arouca,712,https://img.a.transfermarkt.technology/portrait/medium/741517-1669398553.jpg?lm=1
1530,César,Goalkeeper,1992-01-27,Brazil,1500000,Boavista FC,810,https://img.a.transfermarkt.technology/portrait/medium/766258-1671194523.jpg?lm=1
124829,João Gonçalves,Goalkeeper,2000-11-05,Portugal,700000,Boavista FC,810,https://img.a.transfermarkt.technology/portrait/medium/685805-1716920593.jpeg?lm=1
213121,Luís Henrique,Goalkeeper,2004-11-17,Brazil,700000,Boavista FC,810,https://img.a.transfermarkt.technology/portrait/medium/default.jpg?lm=1
221334,Tomé,Goalkeeper,2006-12-16,Portugal,1000000,Boavista FC,810,https://img.a.transfermarkt.technology/portrait/medium/551981-1704295035.jpg?lm=1
185142,Pedro Gomes,Defence,2003-06-04,Portugal,200000,Boavista FC,810,https://img.a.transfermarkt.technology/portrait/medium/default.jpg?lm=1
263674,Alexandre Marques,Defence,2005-10-23,Portugal,1000000,Boavista FC,810,https://img.a.transfermarkt.technology/portrait/medium/525602-1724848350.jpg?lm=1
263675,Tomás Silva,Defence,2006-05-25,Portugal,100000,Boavista FC,810,https://img.a.transfermarkt.technology/portrait/medium/default.jpg?lm=1
270594,Leonardo Ferreira,Defence,2007-07-29,Portugal,450000,Boavista FC,810,https://img.a.transfermarkt.technology/portrait/medium/337799-1409755092.jpg?lm=1
185124,Diego Llorente,Midfield,2001-10-08,Spain,100000,Boavista FC,810,https://img.a.transfermarkt.technology/portrait/medium/default.jpg?lm=1
213087,Marco Ribeiro,Midfield,2005-06-14,Portugal,150000,Boavista FC,810,https://img.a.transfermarkt.technology/portrait/medium/default.jpg?lm=1
37338,Manuel Namora,Offence,1998-02-12,Portugal,100000,Boavista FC,810,https://img.a.transfermarkt.technology/portrait/medium/517705-1537888528.jpg?lm=1
263786,João Barros,Offence,2006-01-10,Portugal,150000,Boavista FC,810,https://img.a.transfermarkt.technology/portrait/medium/default.jpg?lm=1
265391,Fábio Sambú,Offence,2007-09-06,Portugal,100000,Boavista FC,810,https://img.a.transfermarkt.technology/portrait/medium/default.jpg?lm=1
213083,Gonçalo Almeida,Right-Back,2003-05-06,Portugal,1200000,Boavista FC,810,https://img.a.transfermarkt.technology/portrait/medium/393581-1716925058.jpeg?lm=1
206696,Tiago Machado,Centre-Forward,2004-04-02,Portugal,100000,Boavista FC,810,https://img.a.transfermarkt.technology/portrait/medium/default.jpg?lm=1
188089,Joel Silva,Central Midfield,2003-02-11,Portugal,300000,Boavista FC,810,https://img.a.transfermarkt.technology/portrait/medium/default.jpg?lm=1
188088,Bruno Onyemaechi,Left-Back,1999-04-03,Nigeria,3000000,Boavista FC,810,https://img.a.transfermarkt.technology/portrait/medium/701325-1732696915.jpg?lm=1
186482,Julio Dabo,Left-Back,2004-03-13,Portugal,400000,Boavista FC,810,https://img.a.transfermarkt.technology/portrait/medium/817665-1705756797.jpg?lm=1
140290,Róbert Boženík,Centre-Forward,1999-11-18,Slovakia,5000000,Boavista FC,810,https://img.a.transfermarkt.technology/portrait/medium/454576-1716968211.jpg?lm=1
80871,Ibrahima Camara,Defensive Midfield,1999-01-25,Guinea,350000,Boavista FC,810,https://img.a.transfermarkt.technology/portrait/medium/595012-1537883198.jpg?lm=1
45141,Filipe Ferreira,Left-Back,1990-09-27,Portugal,200000,Boavista FC,810,https://img.a.transfermarkt.technology/portrait/medium/182936-1537434474.jpg?lm=1
42575,Ilija Vukotić,Defensive Midfield,1999-01-07,Montenegro,400000,Boavista FC,810,https://img.a.transfermarkt.technology/portrait/medium/344474-1537444574.jpg?lm=1
37672,Miguel Reisinho,Central Midfield,1999-04-09,Portugal,800000,Boavista FC,810,https://img.a.transfermarkt.technology/portrait/medium/478366-1547563607.png?lm=1
32069,Salvador Agra,Right Winger,1991-11-11,Portugal,300000,Boavista FC,810,https://img.a.transfermarkt.technology/portrait/medium/155395-1478878425.jpg?lm=1
28243,Rodrigo Abascal,Centre-Back,1994-01-14,Uruguay,800000,Boavista FC,810,https://img.a.transfermarkt.technology/portrait/medium/367652-1581877880.jpg?lm=1
11702,Sebastián Pérez,Defensive Midfield,1993-03-29,Colombia,2000000,Boavista FC,810,https://img.a.transfermarkt.technology/portrait/medium/182108-1461141662.jpg?lm=1
111481,Anatolii Trubin,Goalkeeper,2001-08-01,Ukraine,25000000,Sport Lisboa e Benfica,1903,https://img.a.transfermarkt.technology/portrait/medium/537844-1725527125.jpg?lm=1
153846,Samuel Soares,Goalkeeper,2002-06-15,Portugal,3000000,Sport Lisboa e Benfica,1903,https://img.a.transfermarkt.technology/portrait/medium/504072-1725535900.jpg?lm=1
192010,Andre Gomes,Goalkeeper,2004-10-20,Portugal,2000000,Sport Lisboa e Benfica,1903,https://img.a.transfermarkt.technology/portrait/medium/670710-1679905817.jpg?lm=1
179007,Gustavo Marques,Defence,2001-10-09,Brazil,8000000,Sport Lisboa e Benfica,1903,https://img.a.transfermarkt.technology/portrait/medium/982575-1668437788.jpg?lm=1
220410,Adrian Bajrami,Defence,2002-04-05,Albania,1500000,Sport Lisboa e Benfica,1903,https://img.a.transfermarkt.technology/portrait/medium/582987-1704294917.jpg?lm=1
262704,Tiago Parente,Defence,2006-06-12,Portugal,100000,Sport Lisboa e Benfica,1903,https://img.a.transfermarkt.technology/portrait/medium/default.jpg?lm=1
263709,Leandro Santos,Defence,2005-09-28,Portugal,1700000,Sport Lisboa e Benfica,1903,https://img.a.transfermarkt.technology/portrait/medium/825835-1704275152.jpg?lm=1
8513,Soualiho Meïté,Midfield,1994-03-17,France,3500000,Sport Lisboa e Benfica,1903,https://img.a.transfermarkt.technology/portrait/medium/164913-1694781173.png?lm=1
149737,Muhammed Kerem Aktürkoğlu,Midfield,1998-10-21,Turkey,18000000,Sport Lisboa e Benfica,1903,https://img.a.transfermarkt.technology/portrait/medium/382528-1671102813.png?lm=1
153953,Gerson Sousa,Midfield,2002-05-10,Portugal,10000000,Sport Lisboa e Benfica,1903,https://img.a.transfermarkt.technology/portrait/medium/906329-1732826181.jpg?lm=1
157796,Andreas Schjelderup,Midfield,2004-06-01,Norway,10000000,Sport Lisboa e Benfica,1903,https://img.a.transfermarkt.technology/portrait/medium/670103-1725535697.jpg?lm=1
204143,Hugo Félix,Midfield,2004-03-03,Portugal,0,Sport Lisboa e Benfica,1903,https://img.a.transfermarkt.technology/portrait/medium/default.jpg?lm=1
246194,Diogo Prioste,Midfield,2004-03-26,Portugal,100000,Sport Lisboa e Benfica,1903,https://img.a.transfermarkt.technology/portrait/medium/default.jpg?lm=1
262628,Nuno Félix,Midfield,2004-03-16,Portugal,1500000,Sport Lisboa e Benfica,1903,https://img.a.transfermarkt.technology/portrait/medium/699592-1695208205.jpg?lm=1
67299,Vangelis Pavlidis,Offence,1998-11-21,Greece,25000000,Sport Lisboa e Benfica,1903,https://img.a.transfermarkt.technology/portrait/medium/324503-1725535858.jpg?lm=1
122313,Zeki Amdouni,Offence,2000-12-04,Switzerland,12000000,Sport Lisboa e Benfica,1903,https://img.a.transfermarkt.technology/portrait/medium/548729-1715938870.jpg?lm=1
251296,João Rêgo,Offence,2005-06-20,Portugal,15000000,Sport Lisboa e Benfica,1903,https://img.a.transfermarkt.technology/portrait/medium/537602-1606396732.png?lm=1
252836,Gustavo Varela,Offence,2005-01-30,Portugal,1500000,Sport Lisboa e Benfica,1903,https://img.a.transfermarkt.technology/portrait/medium/1047860-1705778236.jpg?lm=1
133573,Tiago Gouveia,Right Winger,2001-06-18,Portugal,5000000,Sport Lisboa e Benfica,1903,https://img.a.transfermarkt.technology/portrait/medium/479638-1655898881.jpg?lm=1
123574,Issa Kaboré,Right-Back,2001-05-12,Burkina Faso,10000000,Sport Lisboa e Benfica,1903,https://img.a.transfermarkt.technology/portrait/medium/649452-1724407648.jpg?lm=1
122016,Benjamín Rollheiser,Right Winger,2000-03-24,Argentina,10000000,Sport Lisboa e Benfica,1903,https://img.a.transfermarkt.technology/portrait/medium/491704-1725535826.jpg?lm=1
82403,Leandro Barreiro Martins,Central Midfield,2000-01-03,Luxembourg,17000000,Sport Lisboa e Benfica,1903,https://img.a.transfermarkt.technology/portrait/medium/357233-1692000330.jpg?lm=1
70583,Alexander Bah,Right-Back,1997-12-09,Denmark,13000000,Sport Lisboa e Benfica,1903,https://img.a.transfermarkt.technology/portrait/medium/452607-1701334276.jpg?lm=1
38088,Fredrik Aursnes,Defensive Midfield,1995-12-10,Norway,20000000,Sport Lisboa e Benfica,1903,https://img.a.transfermarkt.technology/portrait/medium/223367-1660759467.jpg?lm=1
37560,Florentino,Defensive Midfield,1999-08-19,Portugal,20000000,Sport Lisboa e Benfica,1903,https://img.a.transfermarkt.technology/portrait/medium/357162-1701295561.jpg?lm=1
7988,Renato Sanches,Central Midfield,1997-08-18,Portugal,6500000,Sport Lisboa e Benfica,1903,https://img.a.transfermarkt.technology/portrait/medium/258027-1725535661.jpg?lm=1
7474,Orkun Kökçü,Central Midfield,2000-12-29,Turkey,28000000,Sport Lisboa e Benfica,1903,https://img.a.transfermarkt.technology/portrait/medium/454567-1701333892.jpg?lm=1
6484,Jan-Niklas Beste,Left-Back,1999-01-04,Germany,15000000,Sport Lisboa e Benfica,1903,https://img.a.transfermarkt.technology/portrait/medium/342967-1690186107.jpg?lm=1
3210,Ángel di María,Right Winger,1988-02-14,Argentina,3000000,Sport Lisboa e Benfica,1903,https://img.a.transfermarkt.technology/portrait/medium/45320-1700648952.jpg?lm=1
3205,Nicolás Otamendi,Centre-Back,1988-02-12,Argentina,1000000,Sport Lisboa e Benfica,1903,https://img.a.transfermarkt.technology/portrait/medium/54781-1669835534.jpg?lm=1
1723,Arthur Cabral,Centre-Forward,1998-04-25,Brazil,14000000,Sport Lisboa e Benfica,1903,https://img.a.transfermarkt.technology/portrait/medium/390638-1701333640.jpg?lm=1
185610,Antonio Silva,Centre-Back,2003-10-31,Portugal,40000000,Sport Lisboa e Benfica,1903,https://img.a.transfermarkt.technology/portrait/medium/650568-1700235534.jpg?lm=1
182123,Gianluca Prestianni,Right Winger,2006-01-31,Argentina,10000000,Sport Lisboa e Benfica,1903,https://img.a.transfermarkt.technology/portrait/medium/1000674-1725535781.jpg?lm=1
182020,Alvaro Fernandez,Left-Back,2003-03-23,Spain,6000000,Sport Lisboa e Benfica,1903,https://img.a.transfermarkt.technology/portrait/medium/935480-1725014659.png?lm=1
177842,Tomas Araujo,Centre-Back,2002-05-16,Portugal,15000000,Sport Lisboa e Benfica,1903,https://img.a.transfermarkt.technology/portrait/medium/504087-1655898393.jpg?lm=1
1232,Lucas França,Goalkeeper,1996-01-19,Brazil,600000,CD Nacional,5529,https://img.a.transfermarkt.technology/portrait/medium/418615-1705757797.jpg?lm=1
152179,Rui Encarnação,Goalkeeper,1998-04-05,Portugal,150000,CD Nacional,5529,https://img.a.transfermarkt.technology/portrait/medium/default.jpg?lm=1
229282,Cesar Augusto,Goalkeeper,2003-08-23,Brazil,100000,CD Nacional,5529,https://img.a.transfermarkt.technology/portrait/medium/default.jpg?lm=1
1437,Léo Santos,Defence,1998-12-09,Brazil,900000,CD Nacional,5529,https://img.a.transfermarkt.technology/portrait/medium/351894-1539349850.jpg?lm=1
169260,Gustavo Garcia,Defence,2002-01-04,Brazil,2000000,CD Nacional,5529,https://img.a.transfermarkt.technology/portrait/medium/574758-1595155750.jpg?lm=1
169570,Zé Vitor,Defence,2001-02-09,Brazil,300000,CD Nacional,5529,https://img.a.transfermarkt.technology/portrait/medium/879236-1660517796.jpg?lm=1
181512,Ulisses,Defence,1999-09-28,Brazil,600000,CD Nacional,5529,https://img.a.transfermarkt.technology/portrait/medium/678991-1598602878.jpg?lm=1
231219,Francisco Gonçalves,Defence,2004-03-05,Portugal,300000,CD Nacional,5529,https://img.a.transfermarkt.technology/portrait/medium/default.jpg?lm=1
243604,José Gomes,Defence,1996-07-20,Portugal,350000,CD Nacional,5529,https://img.a.transfermarkt.technology/portrait/medium/305946-1500043002.jpg?lm=1
243650,José Graça,Defence,2003-04-13,Portugal,500000,CD Nacional,5529,https://img.a.transfermarkt.technology/portrait/medium/257707-1676547331.jpg?lm=1
253516,Douglas Sequeira,Defence,2003-09-16,Costa Rica,200000,CD Nacional,5529,https://img.a.transfermarkt.technology/portrait/medium/743705-1715905880.jpg?lm=1
15920,Bruno Costa,Midfield,1997-04-19,Portugal,800000,CD Nacional,5529,https://img.a.transfermarkt.technology/portrait/medium/344519-1542106011.png?lm=1
37447,João Aurélio,Midfield,1988-08-17,Portugal,75000,CD Nacional,5529,https://img.a.transfermarkt.technology/portrait/medium/84711-1537360123.png?lm=1
45304,André Sousa,Midfield,1990-07-09,Portugal,75000,CD Nacional,5529,https://img.a.transfermarkt.technology/portrait/medium/187860-1583005401.jpeg?lm=1
82208,Arvin Appiah,Midfield,2001-01-05,England,400000,CD Nacional,5529,https://img.a.transfermarkt.technology/portrait/medium/433257-1544622521.jpg?lm=1
103127,Daniel Penha,Midfield,1998-10-17,Brazil,750000,CD Nacional,5529,https://img.a.transfermarkt.technology/portrait/medium/468256-1613386065.jpg?lm=1
103592,Vinicius Machado,Midfield,2000-02-29,Brazil,1500000,CD Nacional,5529,https://img.a.transfermarkt.technology/portrait/medium/554300-1705665101.png?lm=1
147456,Miguel Baeza,Midfield,2000-03-27,Spain,400000,CD Nacional,5529,https://img.a.transfermarkt.technology/portrait/medium/523977-1676547473.jpg?lm=1
157367,Luís Esteves,Midfield,1998-04-09,Portugal,700000,CD Nacional,5529,https://img.a.transfermarkt.technology/portrait/medium/609518-1547567442.png?lm=1
177629,Gabriel Santos,Midfield,1999-03-16,Brazil,300000,CD Nacional,5529,https://img.a.transfermarkt.technology/portrait/medium/662033-1612038792.png?lm=1
179837,Matheus Dias,Midfield,2002-05-09,Brazil,2000000,CD Nacional,5529,https://img.a.transfermarkt.technology/portrait/medium/815384-1664420751.jpg?lm=1
215774,El Hadji Soumaré,Midfield,2003-01-07,Senegal,200000,CD Nacional,5529,https://img.a.transfermarkt.technology/portrait/medium/139393-1633107752.png?lm=1
243620,Jota Garcês,Midfield,1993-03-07,Portugal,75000,CD Nacional,5529,https://img.a.transfermarkt.technology/portrait/medium/213510-1534846680.jpg?lm=1
270035,Chiheb Labidi,Midfield,2001-06-01,Tunisia,550000,CD Nacional,5529,https://img.a.transfermarkt.technology/portrait/medium/673511-1708343033.jpg?lm=1
37374,Ruben Macedo,Offence,1996-03-09,Portugal,250000,CD Nacional,5529,https://img.a.transfermarkt.technology/portrait/medium/225119-1569361477.jpg?lm=1
45399,Dyego Sousa,Offence,1989-09-14,Portugal,400000,CD Nacional,5529,https://img.a.transfermarkt.technology/portrait/medium/157036-1702510410.png?lm=1
49498,Dudu,Offence,1999-08-10,Brazil,50000,CD Nacional,5529,https://img.a.transfermarkt.technology/portrait/medium/831591-1631776925.jpg?lm=1
102189,Nigel Thomas,Offence,2001-02-01,Curaçao,700000,CD Nacional,5529,https://img.a.transfermarkt.technology/portrait/medium/412952-1605472454.jpg?lm=1
114381,Tiago Reis,Offence,1999-08-14,Brazil,300000,CD Nacional,5529,https://img.a.transfermarkt.technology/portrait/medium/539949-1663319904.jpg?lm=1
193027,Isaac Aguiar,Offence,2004-03-26,Brazil,500000,CD Nacional,5529,https://img.a.transfermarkt.technology/portrait/medium/1083069-1682801359.jpg?lm=1
159694,Adrián Butzke,Centre-Forward,1999-03-30,Spain,300000,CD Nacional,5529,https://img.a.transfermarkt.technology/portrait/medium/596884-1695207122.jpg?lm=1
187537,Afonso Freitas,Left-Back,2000-04-07,Portugal,1000000,CD Nacional,5529,https://img.a.transfermarkt.technology/portrait/medium/448264-1547566691.png?lm=1
1528,Gabriel Batista,Goalkeeper,1998-06-03,Brazil,800000,CD Santa Clara,5530,https://img.a.transfermarkt.technology/portrait/medium/401535-1543846106.jpg?lm=1
37393,Serginho,Goalkeeper,1982-12-06,Portugal,600000,CD Santa Clara,5530,https://img.a.transfermarkt.technology/portrait/medium/default.jpg?lm=1
60757,Andrés Mehring,Goalkeeper,1994-04-19,Argentina,300000,CD Santa Clara,5530,https://img.a.transfermarkt.technology/portrait/medium/240903-1708009216.JPG?lm=1
181527,Neneca,Goalkeeper,2003-08-27,Brazil,100000,CD Santa Clara,5530,https://img.a.transfermarkt.technology/portrait/medium/983843-1665789640.jpg?lm=1
181556,Denivys,Goalkeeper,2001-05-01,Brazil,100000,CD Santa Clara,5530,https://img.a.transfermarkt.technology/portrait/medium/977858-1660574103.jpg?lm=1
245889,João Afonso,Goalkeeper,2007-04-30,Portugal,150000,CD Santa Clara,5530,https://img.a.transfermarkt.technology/portrait/medium/default.jpg?lm=1
11524,Frederico Venâncio,Defence,1993-02-04,Portugal,700000,CD Santa Clara,5530,https://img.a.transfermarkt.technology/portrait/medium/169681-1547396267.png?lm=1
32569,Pedro Pacheco,Defence,1997-01-27,Portugal,900000,CD Santa Clara,5530,https://img.a.transfermarkt.technology/portrait/medium/290508-1503595572.jpg?lm=1
45265,Luís Rocha,Defence,1986-08-13,Portugal,50000,CD Santa Clara,5530,https://img.a.transfermarkt.technology/portrait/medium/131658-1566223981.jpg?lm=1
138226,Matheus Pereira,Defence,2000-12-21,Brazil,800000,CD Santa Clara,5530,https://img.a.transfermarkt.technology/portrait/medium/739438-1639252127.jpg?lm=1
178743,Diogo Calila,Defence,1998-10-10,Portugal,300000,CD Santa Clara,5530,https://img.a.transfermarkt.technology/portrait/medium/396429-1716925128.jpeg?lm=1
179215,Habraão,Defence,2001-06-26,Brazil,250000,CD Santa Clara,5530,https://img.a.transfermarkt.technology/portrait/medium/965630-1686620788.jpg?lm=1
181619,Matheus Nunes,Defence,2001-03-01,Brazil,6000000,CD Santa Clara,5530,https://img.a.transfermarkt.technology/portrait/medium/177547-1732827403.jpg?lm=1
203257,Matheus Julião,Defence,2003-04-10,Brazil,6000000,CD Santa Clara,5530,https://img.a.transfermarkt.technology/portrait/medium/177547-1732827403.jpg?lm=1
243594,Sidney Lima,Defence,1997-01-17,Brazil,700000,CD Santa Clara,5530,https://img.a.transfermarkt.technology/portrait/medium/657155-1729963121.jpg?lm=1
262359,Ary,Defence,2003-09-29,Brazil,1000000,CD Santa Clara,5530,https://img.a.transfermarkt.technology/portrait/medium/487167-1677702640.png?lm=1
80878,Pedro Ferreira,Midfield,1998-01-05,Portugal,450000,CD Santa Clara,5530,https://img.a.transfermarkt.technology/portrait/medium/337799-1409755092.jpg?lm=1
156845,Caio Henrique,Midfield,2004-01-11,Brazil,2500000,CD Santa Clara,5530,https://img.a.transfermarkt.technology/portrait/medium/617267-1653476712.jpg?lm=1
171363,Ricardinho,Midfield,1998-08-06,Portugal,1000000,CD Santa Clara,5530,https://img.a.transfermarkt.technology/portrait/medium/671657-1729962874.jpg?lm=1
185110,Klismahn,Midfield,1999-11-23,Brazil,550000,CD Santa Clara,5530,https://img.a.transfermarkt.technology/portrait/medium/606719-1733273925.jpg?lm=1
187452,Bruno Almeida,Midfield,1996-09-09,Portugal,1200000,CD Santa Clara,5530,https://img.a.transfermarkt.technology/portrait/medium/393581-1716925058.jpeg?lm=1
246475,Daniel,Midfield,2003-04-06,Brazil,12000000,CD Santa Clara,5530,https://img.a.transfermarkt.technology/portrait/medium/461943-1602774752.jpg?lm=1
13690,Alisson Safira,Offence,1995-03-17,Brazil,500000,CD Santa Clara,5530,https://img.a.transfermarkt.technology/portrait/medium/443338-1695208271.jpg?lm=1
118015,Vinícius,Offence,1999-05-07,Brazil,800000,CD Santa Clara,5530,https://img.a.transfermarkt.technology/portrait/medium/688881-1636982998.jpg?lm=1
122353,Adriano,Offence,1999-11-04,Brazil,750000,CD Santa Clara,5530,https://img.a.transfermarkt.technology/portrait/medium/687743-1606988674.jpg?lm=1
124982,Lucas Soares,Offence,1998-05-04,Brazil,800000,CD Santa Clara,5530,https://img.a.transfermarkt.technology/portrait/medium/684061-1663602623.png?lm=1
168766,Gabriel Silva,Offence,2002-03-22,Brazil,1700000,CD Santa Clara,5530,https://img.a.transfermarkt.technology/portrait/medium/627224-1598272630.jpg?lm=1
261163,João Costa,Offence,2000-03-07,Portugal,350000,CD Santa Clara,5530,https://img.a.transfermarkt.technology/portrait/medium/default.jpg?lm=1
273019,Gustavo Veiga,Offence,2006-01-03,Brazil,1500000,CD Santa Clara,5530,https://img.a.transfermarkt.technology/portrait/medium/1047860-1705778236.jpg?lm=1
43634,Guilherme Ramos,Centre-Back,1997-08-11,Portugal,300000,CD Santa Clara,5530,https://img.a.transfermarkt.technology/portrait/medium/default.jpg?lm=1
37556,Ivan Zlobin,Goalkeeper,1997-03-07,Russia,700000,FC Famalicão,5531,https://img.a.transfermarkt.technology/portrait/medium/282654-1634205324.jpg?lm=1
171387,Hugo Cunha,Goalkeeper,2001-09-06,Portugal,100000,FC Famalicão,5531,https://img.a.transfermarkt.technology/portrait/medium/537475-1571743997.jpg?lm=1
176011,Lazar Carevic,Goalkeeper,1999-03-16,Montenegro,1500000,FC Famalicão,5531,https://img.a.transfermarkt.technology/portrait/medium/344457-1729964020.jpg?lm=1
264463,Gabriel Cabral,Goalkeeper,2003-04-19,Brazil,100000,FC Famalicão,5531,https://img.a.transfermarkt.technology/portrait/medium/662328-1572442916.png?lm=1
1785,Gil Dias,Defence,1996-09-28,Portugal,1500000,FC Famalicão,5531,https://img.a.transfermarkt.technology/portrait/medium/329723-1709021301.png?lm=1
11587,Rafa Soares,Defence,1995-05-09,Portugal,1200000,FC Famalicão,5531,https://img.a.transfermarkt.technology/portrait/medium/198006-1694780939.png?lm=1
112965,Leonardo Realpe,Defence,2001-02-26,Ecuador,3500000,FC Famalicão,5531,https://img.a.transfermarkt.technology/portrait/medium/669956-1663603059.png?lm=1
121960,Lucas Felipe Calegari,Defence,2002-02-27,Brazil,4000000,FC Famalicão,5531,https://img.a.transfermarkt.technology/portrait/medium/686597-1688635197.jpg?lm=1
126147,Rodrigo Pinheiro,Defence,2002-08-28,Portugal,1300000,FC Famalicão,5531,https://img.a.transfermarkt.technology/portrait/medium/549038-1519849965.jpg?lm=1
213127,Hugo Oliveira,Defence,2004-08-26,Portugal,1500000,FC Famalicão,5531,https://img.a.transfermarkt.technology/portrait/medium/139336-1445431882.jpg?lm=1
213135,Duarte Oliveira,Defence,2005-03-14,Portugal,50000,FC Famalicão,5531,https://img.a.transfermarkt.technology/portrait/medium/default.jpg?lm=1
221571,Ibrahima Ba,Defence,2003-09-03,Senegal,350000,FC Famalicão,5531,https://img.a.transfermarkt.technology/portrait/medium/595012-1537883198.jpg?lm=1
262718,José Muller,Defence,2003-02-22,Portugal,350000,FC Famalicão,5531,https://img.a.transfermarkt.technology/portrait/medium/305946-1500043002.jpg?lm=1
270294,Diogo Costa,Defence,2003-07-27,Portugal,100000,FC Famalicão,5531,https://img.a.transfermarkt.technology/portrait/medium/default.jpg?lm=1
7533,Tommie van de Looi,Midfield,1999-07-02,Netherlands,750000,FC Famalicão,5531,https://img.a.transfermarkt.technology/portrait/medium/420189-1632545699.png?lm=1
213085,Samuel Lobato,Midfield,2001-10-19,Portugal,250000,FC Famalicão,5531,https://img.a.transfermarkt.technology/portrait/medium/549041-1571750816.jpg?lm=1
213102,Rodrigo Ribeiro,Midfield,2006-05-26,Portugal,3000000,FC Famalicão,5531,https://img.a.transfermarkt.technology/portrait/medium/726701-1666100589.jpg?lm=1
215432,Mathias De Amorin,Midfield,2004-12-10,France,200000,FC Famalicão,5531,https://img.a.transfermarkt.technology/portrait/medium/default.jpg?lm=1
265516,Yassir Zabiri,Midfield,2005-02-23,Morocco,300000,FC Famalicão,5531,https://img.a.transfermarkt.technology/portrait/medium/default.jpg?lm=1
33128,Mario González,Offence,1996-02-25,Spain,2500000,FC Famalicão,5531,https://img.a.transfermarkt.technology/portrait/medium/255995-1691270189.jpg?lm=1
45511,Rochinha,Offence,1995-05-03,Portugal,1500000,FC Famalicão,5531,https://img.a.transfermarkt.technology/portrait/medium/290336-1666099955.jpg?lm=1
206797,Afonso Rodrigues,Offence,2002-08-19,Portugal,500000,FC Famalicão,5531,https://img.a.transfermarkt.technology/portrait/medium/default.jpg?lm=1
213112,Leonardo Oliveira,Offence,2005-02-08,Sweden,0,FC Famalicão,5531,https://img.a.transfermarkt.technology/portrait/medium/default.jpg?lm=1
263548,Diogo Cabral,Offence,2003-06-01,Portugal,250000,FC Famalicão,5531,https://img.a.transfermarkt.technology/portrait/medium/default.jpg?lm=1
169412,Marcos Vinicios,Left Winger,2001-02-23,Brazil,100000,FC Famalicão,5531,https://img.a.transfermarkt.technology/portrait/medium/190185-1705662897.png?lm=1
168613,Otso Liimatta,Attacking Midfield,2004-07-10,Finland,1000000,FC Famalicão,5531,https://img.a.transfermarkt.technology/portrait/medium/718152-1708530647.jpg?lm=1
154741,Óscar Aranda,Left Winger,2002-04-29,Spain,1500000,FC Famalicão,5531,https://img.a.transfermarkt.technology/portrait/medium/default.jpg?lm=1
148136,Mirko Topić,Defensive Midfield,2001-02-05,Serbia,5000000,FC Famalicão,5531,https://img.a.transfermarkt.technology/portrait/medium/615302-1596787780.jpg?lm=1
97367,Justin de Haas,Centre-Back,2000-02-01,Netherlands,1500000,FC Famalicão,5531,https://img.a.transfermarkt.technology/portrait/medium/420196-1605471356.jpg?lm=1
43464,Enea Mihaj,Centre-Back,1998-07-05,Albania,3000000,FC Famalicão,5531,https://img.a.transfermarkt.technology/portrait/medium/448920-1716969244.jpg?lm=1
21166,Riccieli,Centre-Back,1998-09-17,Brazil,2000000,FC Famalicão,5531,https://img.a.transfermarkt.technology/portrait/medium/646677-1634205500.jpg?lm=1
8511,Zaydou Youssouf,Central Midfield,1999-07-11,France,7000000,FC Famalicão,5531,https://img.a.transfermarkt.technology/portrait/medium/471582-1543940836.jpg?lm=1
192907,Ian Custodio,Left-Back,2003-04-16,Brazil,350000,FC Famalicão,5531,https://img.a.transfermarkt.technology/portrait/medium/743987-1629128023.JPG?lm=1
187280,Gustavo Sa,Attacking Midfield,2004-11-11,Portugal,1500000,FC Famalicão,5531,https://img.a.transfermarkt.technology/portrait/medium/461629-1591609013.jpg?lm=1
81896,Andrew,Goalkeeper,2001-07-01,Brazil,3000000,Gil Vicente FC,5533,https://img.a.transfermarkt.technology/portrait/medium/610417-1710238883.jpg?lm=1
119462,Vinicius,Goalkeeper,1997-06-19,Brazil,800000,Gil Vicente FC,5533,https://img.a.transfermarkt.technology/portrait/medium/688881-1636982998.jpg?lm=1
157154,Brian Araújo,Goalkeeper,2000-04-29,Portugal,200000,Gil Vicente FC,5533,https://img.a.transfermarkt.technology/portrait/medium/695141-1710239166.jpg?lm=1
263963,Miloš Gordić,Goalkeeper,2000-03-05,Serbia,500000,Gil Vicente FC,5533,https://img.a.transfermarkt.technology/portrait/medium/470788-1605118302.jpeg?lm=1
160445,Marvin Elimbi,Defence,2003-02-20,France,750000,Gil Vicente FC,5533,https://img.a.transfermarkt.technology/portrait/medium/default.jpg?lm=1
182073,Sandro Cruz,Defence,2001-05-12,Portugal,800000,Gil Vicente FC,5533,https://img.a.transfermarkt.technology/portrait/medium/481627-1565186149.jpg?lm=1
204139,Jonathan Mutombo Mawesi,Defence,2002-08-27,France,100000,Gil Vicente FC,5533,https://img.a.transfermarkt.technology/portrait/medium/default.jpg?lm=1
264219,Carlos Ventura,Defence,2004-02-05,Brazil,700000,Gil Vicente FC,5533,https://img.a.transfermarkt.technology/portrait/medium/617679-1710239662.jpg?lm=1
133788,Sphephelo Sithole,Midfield,1999-03-03,South Africa,650000,Gil Vicente FC,5533,https://img.a.transfermarkt.technology/portrait/medium/813229-1705757037.jpg?lm=1
213075,Peixinho,Midfield,2004-05-23,Portugal,800000,Gil Vicente FC,5533,https://img.a.transfermarkt.technology/portrait/medium/478366-1547563607.png?lm=1
213137,Ricardinho,Midfield,2005-12-27,Portugal,1000000,Gil Vicente FC,5533,https://img.a.transfermarkt.technology/portrait/medium/671657-1729962874.jpg?lm=1
263792,Gui Beleza,Midfield,2006-12-09,Portugal,400000,Gil Vicente FC,5533,https://img.a.transfermarkt.technology/portrait/medium/523977-1676547473.jpg?lm=1
104016,Cauê,Offence,2002-11-16,Brazil,800000,Gil Vicente FC,5533,https://img.a.transfermarkt.technology/portrait/medium/814268-1704280505.jpg?lm=1
176857,Jorge Aguirre,Offence,2000-01-05,Spain,300000,Gil Vicente FC,5533,https://img.a.transfermarkt.technology/portrait/medium/629385-1700781328.png?lm=1
178755,Pablo Felipe,Offence,2004-01-02,Brazil,400000,Gil Vicente FC,5533,https://img.a.transfermarkt.technology/portrait/medium/817665-1705756797.jpg?lm=1
213095,Miguel Sanz,Offence,2005-02-17,UA Emirates,500000,Gil Vicente FC,5533,https://img.a.transfermarkt.technology/portrait/medium/default.jpg?lm=1
265041,João Pinto,Offence,2002-08-31,Portugal,500000,Gil Vicente FC,5533,https://img.a.transfermarkt.technology/portrait/medium/670711-1689275244.jpg?lm=1
153579,Facundo Cáseres,Central Midfield,2001-05-28,Argentina,1000000,Gil Vicente FC,5533,https://img.a.transfermarkt.technology/portrait/medium/829434-1646598800.png?lm=1
141483,José Carlos,Right-Back,1998-07-31,Portugal,700000,Gil Vicente FC,5533,https://img.a.transfermarkt.technology/portrait/medium/617679-1710239662.jpg?lm=1
141380,Kazu,Left-Back,2000-03-18,Brazil,500000,Gil Vicente FC,5533,https://img.a.transfermarkt.technology/portrait/medium/428993-1710239885.png?lm=1
127657,Félix Correia,Left Winger,2001-01-22,Portugal,3000000,Gil Vicente FC,5533,https://img.a.transfermarkt.technology/portrait/medium/479648-1710239596.jpg?lm=1
114011,Jesús Castillo,Defensive Midfield,2001-06-11,Peru,700000,Gil Vicente FC,5533,https://img.a.transfermarkt.technology/portrait/medium/658848-1710239832.jpg?lm=1
45422,João Teixeira,Attacking Midfield,1994-02-06,Portugal,800000,Gil Vicente FC,5533,https://img.a.transfermarkt.technology/portrait/medium/182710-1537969065.png?lm=1
45365,Rúben Fernandes,Centre-Back,1986-05-06,Portugal,100000,Gil Vicente FC,5533,https://img.a.transfermarkt.technology/portrait/medium/27178-1710239064.jpg?lm=1
44804,Kanya Fujimoto,Attacking Midfield,1999-07-01,Japan,4000000,Gil Vicente FC,5533,https://img.a.transfermarkt.technology/portrait/medium/415525-1710239374.jpg?lm=1
9125,Jonathan Buatu,Centre-Back,1993-09-27,Angola,600000,Gil Vicente FC,5533,https://img.a.transfermarkt.technology/portrait/medium/137313-1710239104.png?lm=1
8846,Josué Sá,Centre-Back,1992-06-17,Portugal,500000,Gil Vicente FC,5533,https://img.a.transfermarkt.technology/portrait/medium/139341-1676542787.jpg?lm=1
8765,Jordi Mboula,Right Winger,1999-03-16,Spain,1200000,Gil Vicente FC,5533,https://img.a.transfermarkt.technology/portrait/medium/331498-1692278148.jpg?lm=1
203438,Marcos Fernández,Left-Back,2003-07-17,Spain,3500000,Gil Vicente FC,5533,https://img.a.transfermarkt.technology/portrait/medium/720518-1732827310.jpg?lm=1
185087,Diego Collado,Left Winger,2001-01-09,Spain,800000,Gil Vicente FC,5533,https://img.a.transfermarkt.technology/portrait/medium/566965-1698947126.jpg?lm=1
183363,Mory Gbane,Defensive Midfield,2000-12-25,Ivory Coast,1500000,Gil Vicente FC,5533,https://img.a.transfermarkt.technology/portrait/medium/717585-1710239409.png?lm=1
180125,Santi García,Attacking Midfield,2001-08-29,Spain,200000,Gil Vicente FC,5533,https://img.a.transfermarkt.technology/portrait/medium/default.jpg?lm=1
177301,Tidjany Touré,Left Winger,2002-07-15,France,500000,Gil Vicente FC,5533,https://img.a.transfermarkt.technology/portrait/medium/641576-1710239940.png?lm=1
16734,Bruno Varela,Goalkeeper,1994-11-04,Portugal,4000000,Vitória SC,5543,https://img.a.transfermarkt.technology/portrait/medium/182722-1537345329.jpg?lm=1
45324,Charles Silva,Goalkeeper,1994-02-04,Brazil,300000,Vitória SC,5543,https://img.a.transfermarkt.technology/portrait/medium/181773-1695207347.jpg?lm=1
204127,Gui,Goalkeeper,2006-05-13,Portugal,300000,Vitória SC,5543,https://img.a.transfermarkt.technology/portrait/medium/631996-1669971243.jpg?lm=1
204176,Rafael Oliveira,Goalkeeper,2003-09-28,Portugal,1500000,Vitória SC,5543,https://img.a.transfermarkt.technology/portrait/medium/139336-1445431882.jpg?lm=1
262360,Joao Fernandes,Goalkeeper,2005-01-25,Portugal,2500000,Vitória SC,5543,https://img.a.transfermarkt.technology/portrait/medium/344395-1631004204.jpg?lm=1
177044,Joao Mendes,Defence,2000-04-13,Portugal,2000000,Vitória SC,5543,https://img.a.transfermarkt.technology/portrait/medium/504503-1695207301.jpg?lm=1
180163,Óscar Rivas,Defence,2000-03-27,Spain,300000,Vitória SC,5543,https://img.a.transfermarkt.technology/portrait/medium/890557-1702510048.png?lm=1
184496,Alberto Baio,Defence,2003-09-29,Portugal,250000,Vitória SC,5543,https://img.a.transfermarkt.technology/portrait/medium/291968-1663604044.png?lm=1
262361,Diogo Lobão,Defence,2006-01-20,Portugal,1000000,Vitória SC,5543,https://img.a.transfermarkt.technology/portrait/medium/437566-1569359611.jpg?lm=1
45514,Samu,Midfield,1996-04-21,Portugal,100000,Vitória SC,5543,https://img.a.transfermarkt.technology/portrait/medium/default.jpg?lm=1
261582,Marco Cruz,Midfield,2004-02-23,Portugal,200000,Vitória SC,5543,https://img.a.transfermarkt.technology/portrait/medium/670682-1658732707.jpg?lm=1
262358,Rodrigo Duarte,Midfield,2006-02-07,Portugal,16000000,Vitória SC,5543,https://img.a.transfermarkt.technology/portrait/medium/606752-1657108824.jpg?lm=1
165126,José Bica,Offence,2003-06-16,Portugal,350000,Vitória SC,5543,https://img.a.transfermarkt.technology/portrait/medium/743987-1629128023.JPG?lm=1
188085,Chuchu,Offence,1998-05-04,Venezuela,400000,Vitória SC,5543,https://img.a.transfermarkt.technology/portrait/medium/default.jpg?lm=1
243569,Gustavo Silva,Offence,1999-06-01,Brazil,1500000,Vitória SC,5543,https://img.a.transfermarkt.technology/portrait/medium/1047860-1705778236.jpg?lm=1
262363,Miguel Nogueira,Offence,2005-02-27,Portugal,75000,Vitória SC,5543,https://img.a.transfermarkt.technology/portrait/medium/91949-1537360799.png?lm=1
171351,Miguel Magalhães,Right-Back,2002-11-16,Portugal,1500000,Vitória SC,5543,https://img.a.transfermarkt.technology/portrait/medium/729140-1672674207.png?lm=1
145346,Telmo Arcanjo,Attacking Midfield,2001-06-21,Cape Verde Islands,800000,Vitória SC,5543,https://img.a.transfermarkt.technology/portrait/medium/791528-1695206920.jpg?lm=1
130047,Tomás Ribeiro,Centre-Back,1999-04-30,Portugal,3000000,Vitória SC,5543,https://img.a.transfermarkt.technology/portrait/medium/433358-1695207229.jpg?lm=1
45274,Tiago Silva,Attacking Midfield,1993-06-02,Portugal,3000000,Vitória SC,5543,https://img.a.transfermarkt.technology/portrait/medium/236997-1534408061.png?lm=1
37717,João Mendes,Attacking Midfield,1994-10-21,Portugal,2000000,Vitória SC,5543,https://img.a.transfermarkt.technology/portrait/medium/504503-1695207301.jpg?lm=1
37558,Nuno Santos,Attacking Midfield,1999-03-02,Portugal,1500000,Vitória SC,5543,https://img.a.transfermarkt.technology/portrait/medium/367468-1678038066.jpg?lm=1
37360,Jorge Fernandes,Centre-Back,1997-04-02,Portugal,2500000,Vitória SC,5543,https://img.a.transfermarkt.technology/portrait/medium/344395-1631004204.jpg?lm=1
32343,Mikel Villanueva,Centre-Back,1993-04-14,Venezuela,1500000,Vitória SC,5543,https://img.a.transfermarkt.technology/portrait/medium/308371-1573486873.jpg?lm=1
23245,Toni Borevković,Centre-Back,1997-06-18,Croatia,4000000,Vitória SC,5543,https://img.a.transfermarkt.technology/portrait/medium/396342-1695208414.jpg?lm=1
4003,Nélson Oliveira,Centre-Forward,1991-08-08,Portugal,500000,Vitória SC,5543,https://img.a.transfermarkt.technology/portrait/medium/72768-1696346309.png?lm=1
1771,Bruno Gaspar,Right-Back,1993-04-21,Angola,800000,Vitória SC,5543,https://img.a.transfermarkt.technology/portrait/medium/230457-1695208390.jpg?lm=1
194008,Manu Silva,Defensive Midfield,2001-06-12,Portugal,1500000,Vitória SC,5543,https://img.a.transfermarkt.technology/portrait/medium/699592-1695208205.jpg?lm=1
192626,Kaio César,Right Winger,2004-02-15,Brazil,1500000,Vitória SC,5543,https://img.a.transfermarkt.technology/portrait/medium/766258-1671194523.jpg?lm=1
188094,Zé Carlos,Right-Back,2001-10-30,Portugal,700000,Vitória SC,5543,https://img.a.transfermarkt.technology/portrait/medium/617679-1710239662.jpg?lm=1
171367,Tomás Händel,Defensive Midfield,2000-11-27,Portugal,10000000,Vitória SC,5543,https://img.a.transfermarkt.technology/portrait/medium/645588-1728373966.jpg?lm=1
37336,Ricardo Velho,Goalkeeper,1998-08-20,Portugal,5000000,SC Farense,5602,https://img.a.transfermarkt.technology/portrait/medium/527026-1537881313.jpg?lm=1
52986,Miguel Carvalho,Goalkeeper,1996-06-20,Portugal,200000,SC Farense,5602,https://img.a.transfermarkt.technology/portrait/medium/352015-1563990045.jpg?lm=1
152461,Lucas Cañizars,Goalkeeper,2002-05-10,Spain,400000,SC Farense,5602,https://img.a.transfermarkt.technology/portrait/medium/568154-1603003972.jpg?lm=1
178927,Kaique,Goalkeeper,2003-04-16,Brazil,400000,SC Farense,5602,https://img.a.transfermarkt.technology/portrait/medium/964590-1670965083.jpg?lm=1
45389,Raul Silva,Defence,1989-11-04,Brazil,400000,SC Farense,5602,https://img.a.transfermarkt.technology/portrait/medium/164705-1676967500.png?lm=1
61075,Lucas Áfrico,Defence,1995-02-05,Brazil,300000,SC Farense,5602,https://img.a.transfermarkt.technology/portrait/medium/597087-1713408876.png?lm=1
165583,Paulo Victor,Defence,2001-04-13,Brazil,1000000,SC Farense,5602,https://img.a.transfermarkt.technology/portrait/medium/875511-1631628777.jpg?lm=1
185118,Derick Poloni,Defence,1993-09-01,Brazil,300000,SC Farense,5602,https://img.a.transfermarkt.technology/portrait/medium/429564-1663602993.png?lm=1
213106,Hamidou Diallo,Defence,2002-01-26,Mali,400000,SC Farense,5602,https://img.a.transfermarkt.technology/portrait/medium/817665-1705756797.jpg?lm=1
126991,Álex Bermejo,Midfield,1998-12-11,Spain,800000,SC Farense,5602,https://img.a.transfermarkt.technology/portrait/medium/473695-1675802601.jpg?lm=1
213088,Claudio Falcão,Midfield,1994-07-03,Brazil,1000000,SC Farense,5602,https://img.a.transfermarkt.technology/portrait/medium/437566-1569359611.jpg?lm=1
213105,Diogo Paulo,Midfield,2001-07-06,Portugal,400000,SC Farense,5602,https://img.a.transfermarkt.technology/portrait/medium/817665-1705756797.jpg?lm=1
251250,Miguel Menino,Midfield,2003-01-10,Portugal,300000,SC Farense,5602,https://img.a.transfermarkt.technology/portrait/medium/default.jpg?lm=1
252899,Rafael Teixeira,Midfield,2006-01-18,Portugal,50000,SC Farense,5602,https://img.a.transfermarkt.technology/portrait/medium/59791-1612084164.jpg?lm=1
261169,Geovanny Almeida,Midfield,2004-07-14,Portugal,15000000,SC Farense,5602,https://img.a.transfermarkt.technology/portrait/medium/1138758-1730207849.jpg?lm=1
45243,Tómané,Offence,1992-10-23,Portugal,200000,SC Farense,5602,https://img.a.transfermarkt.technology/portrait/medium/139393-1633107752.png?lm=1
178746,Bruno Santos,Offence,2003-04-16,Portugal,1500000,SC Farense,5602,https://img.a.transfermarkt.technology/portrait/medium/367468-1678038066.jpg?lm=1
185152,Álex Millán,Offence,1999-11-07,Spain,800000,SC Farense,5602,https://img.a.transfermarkt.technology/portrait/medium/default.jpg?lm=1
213092,André Candeias,Offence,2003-01-20,Portugal,800000,SC Farense,5602,https://img.a.transfermarkt.technology/portrait/medium/383807-1732274782.jpg?lm=1
243634,Jaime Pinto,Offence,1997-09-28,Portugal,225000,SC Farense,5602,https://img.a.transfermarkt.technology/portrait/medium/418425-1548232939.jpg?lm=1
263885,Rivaldo Morais,Offence,2000-09-18,Portugal,300000,SC Farense,5602,https://img.a.transfermarkt.technology/portrait/medium/default.jpg?lm=1
140905,David Pastor,Right-Back,2000-02-20,Brazil,1000000,SC Farense,5602,https://img.a.transfermarkt.technology/portrait/medium/740498-1705756920.jpg?lm=1
115247,Talys Oliveira,Left-Back,1999-02-10,Brazil,600000,SC Farense,5602,https://img.a.transfermarkt.technology/portrait/medium/562671-1600971308.jpg?lm=1
45201,Neto,Central Midfield,1991-09-02,Brazil,500000,SC Farense,5602,https://img.a.transfermarkt.technology/portrait/medium/670711-1689275244.jpg?lm=1
43565,Filipe Soares,Attacking Midfield,1999-05-20,Portugal,1500000,SC Farense,5602,https://img.a.transfermarkt.technology/portrait/medium/357163-1694781256.png?lm=1
33130,Darío Poveda,Centre-Forward,1997-03-13,Spain,500000,SC Farense,5602,https://img.a.transfermarkt.technology/portrait/medium/399780-1644310342.jpg?lm=1
22308,Jhon Velásquez Turga,Attacking Midfield,1995-05-02,Colombia,300000,SC Farense,5602,https://img.a.transfermarkt.technology/portrait/medium/414774-1640098502.jpg?lm=1
16402,Artur Jorge,Centre-Back,1994-08-14,Portugal,400000,SC Farense,5602,https://img.a.transfermarkt.technology/portrait/medium/276030-1551112177.png?lm=1
15896,Elves,Right Winger,1999-10-02,Portugal,32000000,SC Farense,5602,https://img.a.transfermarkt.technology/portrait/medium/426620-1602774745.jpg?lm=1
15895,Rafael  Barbosa,Attacking Midfield,1996-03-29,Portugal,600000,SC Farense,5602,https://img.a.transfermarkt.technology/portrait/medium/225151-1550237781.jpg?lm=1
11490,Marco Matias,Left Winger,1989-05-10,Portugal,100000,SC Farense,5602,https://img.a.transfermarkt.technology/portrait/medium/default.jpg?lm=1
688,Mehdi Merghem,Right Winger,1997-07-19,France,800000,SC Farense,5602,https://img.a.transfermarkt.technology/portrait/medium/452877-1656331816.png?lm=1
213078,André Seruca,Defensive Midfield,2000-10-29,Portugal,100000,SC Farense,5602,https://img.a.transfermarkt.technology/portrait/medium/default.jpg?lm=1
180077,Marco Moreno,Centre-Back,2001-02-20,Spain,400000,SC Farense,5602,https://img.a.transfermarkt.technology/portrait/medium/default.jpg?lm=1
37817,Tiago Sá,Goalkeeper,1995-01-11,Portugal,800000,Sporting Clube de Braga,5613,https://img.a.transfermarkt.technology/portrait/medium/286908-1591777631.png?lm=1
146753,Lukáš Horníček,Goalkeeper,2002-07-13,Czech Republic,3000000,Sporting Clube de Braga,5613,https://img.a.transfermarkt.technology/portrait/medium/290256-1599421564.jpg?lm=1
178752,Matheus Magalhães,Goalkeeper,1992-03-29,Brazil,6000000,Sporting Clube de Braga,5613,https://img.a.transfermarkt.technology/portrait/medium/177547-1732827403.jpg?lm=1
45447,Yuri Ribeiro,Defence,1997-01-24,Portugal,850000,Sporting Clube de Braga,5613,https://img.a.transfermarkt.technology/portrait/medium/258032-1677703100.png?lm=1
146987,Bright Arrey-Mbi,Defence,2003-03-26,Germany,6000000,Sporting Clube de Braga,5613,https://img.a.transfermarkt.technology/portrait/medium/580193-1708164169.jpg?lm=1
157201,ZÉ Pedro,Defence,2002-01-16,Portugal,3000000,Sporting Clube de Braga,5613,https://img.a.transfermarkt.technology/portrait/medium/406151-1537887599.jpg?lm=1
180150,Victor Gómez,Defence,2000-04-01,Spain,8000000,Sporting Clube de Braga,5613,https://img.a.transfermarkt.technology/portrait/medium/495601-1583506246.jpg?lm=1
181973,Andre Ferreira,Defence,2003-04-08,Portugal,450000,Sporting Clube de Braga,5613,https://img.a.transfermarkt.technology/portrait/medium/337799-1409755092.jpg?lm=1
246367,Nuno Matos,Defence,2004-10-04,Portugal,1500000,Sporting Clube de Braga,5613,https://img.a.transfermarkt.technology/portrait/medium/367468-1678038066.jpg?lm=1
246741,Francisco Chissumba,Defence,2005-05-29,Portugal,200000,Sporting Clube de Braga,5613,https://img.a.transfermarkt.technology/portrait/medium/33706-1695118404.png?lm=1
262362,Rodrigo Beirão,Defence,2003-01-25,Portugal,3000000,Sporting Clube de Braga,5613,https://img.a.transfermarkt.technology/portrait/medium/726701-1666100589.jpg?lm=1
265148,Jonatás Noro,Defence,2005-07-09,Portugal,800000,Sporting Clube de Braga,5613,https://img.a.transfermarkt.technology/portrait/medium/212216-1676542269.jpg?lm=1
45396,André Horta,Midfield,1996-11-07,Portugal,4500000,Sporting Clube de Braga,5613,https://img.a.transfermarkt.technology/portrait/medium/329722-1591775449.png?lm=1
178756,Jean-Baptiste Gorby,Midfield,2002-07-25,France,1500000,Sporting Clube de Braga,5613,https://img.a.transfermarkt.technology/portrait/medium/631404-1638799310.png?lm=1
180185,Gabriel Martínez,Midfield,2003-01-22,Spain,3000000,Sporting Clube de Braga,5613,https://img.a.transfermarkt.technology/portrait/medium/906948-1712569048.jpg?lm=1
205658,Thiago Helguera,Midfield,2006-03-26,Uruguay,3500000,Sporting Clube de Braga,5613,https://img.a.transfermarkt.technology/portrait/medium/default.jpg?lm=1
137515,Amine El Ouazzani,Offence,2001-07-15,Morocco,3500000,Sporting Clube de Braga,5613,https://img.a.transfermarkt.technology/portrait/medium/735051-1669303777.png?lm=1
178733,Roger Fernandes,Offence,2005-11-21,Portugal,2500000,Sporting Clube de Braga,5613,https://img.a.transfermarkt.technology/portrait/medium/344395-1631004204.jpg?lm=1
180218,Roberto Fernández,Offence,2002-07-03,Spain,3500000,Sporting Clube de Braga,5613,https://img.a.transfermarkt.technology/portrait/medium/720518-1732827310.jpg?lm=1
203295,Kauan Kelvin,Offence,2005-01-21,Brazil,100000,Sporting Clube de Braga,5613,https://img.a.transfermarkt.technology/portrait/medium/138285-1548346230.jpg?lm=1
246609,Yan Said,Offence,2002-11-08,Portugal,3000000,Sporting Clube de Braga,5613,https://img.a.transfermarkt.technology/portrait/medium/544784-1606396308.png?lm=1
125700,João Ferreira,Centre-Back,2001-03-22,Portugal,2000000,Sporting Clube de Braga,5613,https://img.a.transfermarkt.technology/portrait/medium/481623-1690898542.jpg?lm=1
121007,Rodrigo Zalazar,Central Midfield,1999-08-12,Uruguay,16000000,Sporting Clube de Braga,5613,https://img.a.transfermarkt.technology/portrait/medium/606752-1657108824.jpg?lm=1
45401,Ricardo Horta,Left Winger,1994-09-15,Portugal,15000000,Sporting Clube de Braga,5613,https://img.a.transfermarkt.technology/portrait/medium/261927-1702415787.jpg?lm=1
33339,Paulo Oliveira,Centre-Back,1992-01-08,Portugal,1500000,Sporting Clube de Braga,5613,https://img.a.transfermarkt.technology/portrait/medium/139336-1445431882.jpg?lm=1
33111,Adrián Marín,Left-Back,1997-01-09,Spain,2000000,Sporting Clube de Braga,5613,https://img.a.transfermarkt.technology/portrait/medium/295414-1447254854.jpg?lm=1
13911,Vitor Carvalho,Defensive Midfield,1997-05-27,Brazil,5000000,Sporting Clube de Braga,5613,https://img.a.transfermarkt.technology/portrait/medium/553062-1558111186.jpg?lm=1
9553,Bruma,Left Winger,1994-10-24,Portugal,7000000,Sporting Clube de Braga,5613,https://img.a.transfermarkt.technology/portrait/medium/139396-1700235976.jpg?lm=1
3249,João Moutinho,Central Midfield,1986-09-08,Portugal,800000,Sporting Clube de Braga,5613,https://img.a.transfermarkt.technology/portrait/medium/29364-1464083394.PNG?lm=1
636,Rafik Guitane,Right Winger,1999-05-26,Algeria,5000000,Sporting Clube de Braga,5613,https://img.a.transfermarkt.technology/portrait/medium/394328-1724846346.jpg?lm=1
469,Sikou Niakaté,Centre-Back,1999-07-10,Mali,6000000,Sporting Clube de Braga,5613,https://img.a.transfermarkt.technology/portrait/medium/413118-1729863558.jpg?lm=1
190876,Joao Marques,Left Winger,2002-02-13,Portugal,3500000,Sporting Clube de Braga,5613,https://img.a.transfermarkt.technology/portrait/medium/891971-1695906596.jpg?lm=1
170423,Robson Bambu,Centre-Back,1997-11-12,Brazil,3000000,Sporting Clube de Braga,5613,https://img.a.transfermarkt.technology/portrait/medium/458715-1543927750.jpg?lm=1
161414,Ismaël Gharbi,Attacking Midfield,2004-04-10,Spain,7500000,Sporting Clube de Braga,5613,https://img.a.transfermarkt.technology/portrait/medium/810096-1699715578.jpg?lm=1
33894,Patrick Sequeira,Goalkeeper,1999-03-01,Costa Rica,600000,Casa Pia AC,6618,https://img.a.transfermarkt.technology/portrait/medium/378482-1700766324.png?lm=1
43642,Daniel Azevedo,Goalkeeper,1998-02-12,Portugal,100000,Casa Pia AC,6618,https://img.a.transfermarkt.technology/portrait/medium/383008-1537438714.jpg?lm=1
77869,Ricardo Batista,Goalkeeper,1986-11-19,Portugal,100000,Casa Pia AC,6618,https://img.a.transfermarkt.technology/portrait/medium/24846-1663602421.png?lm=1
213099,Afonso Monteiro,Goalkeeper,2005-06-27,Portugal,100000,Casa Pia AC,6618,https://img.a.transfermarkt.technology/portrait/medium/33829-1666690457.jpg?lm=1
137655,Ruben Kluivert,Defence,2001-05-21,Netherlands,600000,Casa Pia AC,6618,https://img.a.transfermarkt.technology/portrait/medium/578421-1605468625.jpg?lm=1
171386,Joao Goulart,Defence,2000-01-27,Portugal,500000,Casa Pia AC,6618,https://img.a.transfermarkt.technology/portrait/medium/537477-1571744295.jpg?lm=1
186634,Isaac Monteiro,Defence,2004-03-04,Portugal,100000,Casa Pia AC,6618,https://img.a.transfermarkt.technology/portrait/medium/929867-1663603253.png?lm=1
45116,Jérémy Livolant,Midfield,1998-01-09,France,1500000,Casa Pia AC,6618,https://img.a.transfermarkt.technology/portrait/medium/324806-1656331238.png?lm=1
84102,Miguel Sousa,Midfield,1998-09-19,Portugal,500000,Casa Pia AC,6618,https://img.a.transfermarkt.technology/portrait/medium/default.jpg?lm=1
150945,Raúl Blanco,Midfield,2001-07-31,Spain,350000,Casa Pia AC,6618,https://img.a.transfermarkt.technology/portrait/medium/default.jpg?lm=1
207545,Adrian Kraev,Midfield,1999-02-14,Bulgaria,1500000,Casa Pia AC,6618,https://img.a.transfermarkt.technology/portrait/medium/820371-1680122620.png?lm=1
98014,Samuel Obeng,Offence,1997-05-15,Ghana,1000000,Casa Pia AC,6618,https://img.a.transfermarkt.technology/portrait/medium/522719-1694431228.jpg?lm=1
144580,Claudio Mendes,Offence,2000-12-08,Guinea-Bissau,250000,Casa Pia AC,6618,https://img.a.transfermarkt.technology/portrait/medium/699501-1700153657.png?lm=1
261166,Henrique Pereira,Offence,2002-02-15,Portugal,1800000,Casa Pia AC,6618,https://img.a.transfermarkt.technology/portrait/medium/505655-1625667504.jpg?lm=1
129709,Telasco Segovia,Central Midfield,2003-04-02,Venezuela,700000,Casa Pia AC,6618,https://img.a.transfermarkt.technology/portrait/medium/858719-1718705752.jpg?lm=1
128303,Samuel Silvera,Right Winger,2000-10-25,Portugal,100000,Casa Pia AC,6618,https://img.a.transfermarkt.technology/portrait/medium/default.jpg?lm=1
126877,Larra,Right-Back,1997-12-17,Spain,1000000,Casa Pia AC,6618,https://img.a.transfermarkt.technology/portrait/medium/439465-1568024290.png?lm=1
126156,Rafael Brito,Defensive Midfield,2002-01-19,Portugal,300000,Casa Pia AC,6618,https://img.a.transfermarkt.technology/portrait/medium/504075-1572339154.jpg?lm=1
45303,Geraldes,Right-Back,1991-05-02,Portugal,200000,Casa Pia AC,6618,https://img.a.transfermarkt.technology/portrait/medium/154319-1653327686.png?lm=1
16854,Nermin Zolotić,Centre-Back,1993-07-07,Bosnia-Herzegovina,700000,Casa Pia AC,6618,https://img.a.transfermarkt.technology/portrait/medium/131740-1663602163.png?lm=1
14003,Cassiano,Centre-Forward,1989-06-16,Brazil,200000,Casa Pia AC,6618,https://img.a.transfermarkt.technology/portrait/medium/238367-1705756565.jpg?lm=1
12813,Pablo Barbosa,Central Midfield,1999-11-14,Brazil,400000,Casa Pia AC,6618,https://img.a.transfermarkt.technology/portrait/medium/817665-1705756797.jpg?lm=1
8781,Duplexe Tchamba,Centre-Back,1998-07-10,Cameroon,500000,Casa Pia AC,6618,https://img.a.transfermarkt.technology/portrait/medium/490760-1663601272.png?lm=1
3245,José Fonte,Centre-Back,1983-12-22,Portugal,100000,Casa Pia AC,6618,https://img.a.transfermarkt.technology/portrait/medium/33829-1666690457.jpg?lm=1
1764,Tiago Dias,Left-Back,1998-05-04,Portugal,325000,Casa Pia AC,6618,https://img.a.transfermarkt.technology/portrait/medium/314886-1537884653.jpg?lm=1
246461,Fahem Benaïssa-Yahia,Left-Back,2002-04-29,France,300000,Casa Pia AC,6618,https://img.a.transfermarkt.technology/portrait/medium/805864-1669164646.png?lm=1
204134,Kiki Silva,Right Winger,1998-02-14,Portugal,500000,Casa Pia AC,6618,https://img.a.transfermarkt.technology/portrait/medium/270055-1690030617.png?lm=1
191259,Beni,Central Midfield,2002-05-21,Angola,700000,Casa Pia AC,6618,https://img.a.transfermarkt.technology/portrait/medium/default.jpg?lm=1
185146,Leonardo Lelo,Left-Back,2000-03-30,Portugal,3500000,Casa Pia AC,6618,https://img.a.transfermarkt.technology/portrait/medium/669956-1663603059.png?lm=1
171304,Nuno Moreira,Left Winger,1999-06-16,Portugal,1000000,Casa Pia AC,6618,https://img.a.transfermarkt.technology/portrait/medium/461937-1729963502.jpg?lm=1
154532,Max Svensson,Centre-Forward,2001-11-08,Spain,400000,Casa Pia AC,6618,https://img.a.transfermarkt.technology/portrait/medium/705808-1700856935.png?lm=1
12746,Bruno Brigido,Goalkeeper,1991-03-09,Brazil,300000,CF Estrela da Amadora,9136,https://img.a.transfermarkt.technology/portrait/medium/178942-1668161710.png?lm=1
90793,Francisco Meixedo,Goalkeeper,2001-05-19,Portugal,500000,CF Estrela da Amadora,9136,https://img.a.transfermarkt.technology/portrait/medium/564968-1686132168.png?lm=1
230368,Cambila,Goalkeeper,2002-05-16,Angola,500000,CF Estrela da Amadora,9136,https://img.a.transfermarkt.technology/portrait/medium/490760-1663601272.png?lm=1
261165,Marko Gudžulić,Goalkeeper,2002-07-05,Serbia,50000,CF Estrela da Amadora,9136,https://img.a.transfermarkt.technology/portrait/medium/831591-1631776925.jpg?lm=1
37554,Ferro,Defence,1997-03-26,Portugal,1000000,CF Estrela da Amadora,9136,https://img.a.transfermarkt.technology/portrait/medium/294321-1694539096.jpg?lm=1
113517,Till Cissokho,Defence,2000-02-08,France,1000000,CF Estrela da Amadora,9136,https://img.a.transfermarkt.technology/portrait/medium/395228-1669737163.jpg?lm=1
152119,Issiar Dramé,Defence,1999-02-16,France,400000,CF Estrela da Amadora,9136,https://img.a.transfermarkt.technology/portrait/medium/461582-1605563127.png?lm=1
182458,Juan Mina,Defence,2004-07-27,Colombia,500000,CF Estrela da Amadora,9136,https://img.a.transfermarkt.technology/portrait/medium/742488-1710581727.jpg?lm=1
185129,Danilo Veiga,Defence,2002-09-25,Portugal,800000,CF Estrela da Amadora,9136,https://img.a.transfermarkt.technology/portrait/medium/728485-1686040042.jpg?lm=1
245259,Diogo Travassos,Defence,2004-03-31,Portugal,100000,CF Estrela da Amadora,9136,https://img.a.transfermarkt.technology/portrait/medium/default.jpg?lm=1
246341,Tiago Gabriel,Defence,2004-12-26,Portugal,250000,CF Estrela da Amadora,9136,https://img.a.transfermarkt.technology/portrait/medium/default.jpg?lm=1
250276,Guilherme Montóia,Defence,2003-09-14,Portugal,0,CF Estrela da Amadora,9136,https://img.a.transfermarkt.technology/portrait/medium/default.jpg?lm=1
272010,Georgii Tunguliiadi,Defence,2004-10-03,Portugal,10000000,CF Estrela da Amadora,9136,https://img.a.transfermarkt.technology/portrait/medium/906329-1732826181.jpg?lm=1
2072,Nani,Midfield,1986-11-17,Portugal,10000000,CF Estrela da Amadora,9136,https://img.a.transfermarkt.technology/portrait/medium/1000674-1725535781.jpg?lm=1
43909,Alan Ruiz,Midfield,1993-08-19,Argentina,800000,CF Estrela da Amadora,9136,https://img.a.transfermarkt.technology/portrait/medium/190442-1478085307.jpg?lm=1
153583,Daniel Cabral,Midfield,2002-05-14,Brazil,100000,CF Estrela da Amadora,9136,https://img.a.transfermarkt.technology/portrait/medium/662328-1572442916.png?lm=1
154435,Paulo Moreira,Midfield,2000-02-17,Portugal,100000,CF Estrela da Amadora,9136,https://img.a.transfermarkt.technology/portrait/medium/375392-1688560463.jpg?lm=1
178967,Igor,Midfield,2003-03-07,Brazil,10000000,CF Estrela da Amadora,9136,https://img.a.transfermarkt.technology/portrait/medium/957653-1725014920.png?lm=1
263912,Muhammad Asis,Midfield,2004-03-04,Singapore,100000,CF Estrela da Amadora,9136,https://img.a.transfermarkt.technology/portrait/medium/default.jpg?lm=1
273018,Manu,Midfield,2005-11-09,Angola,1500000,CF Estrela da Amadora,9136,https://img.a.transfermarkt.technology/portrait/medium/699592-1695208205.jpg?lm=1
37116,Jovane Cabral,Offence,1998-06-14,Cape Verde Islands,1500000,CF Estrela da Amadora,9136,https://img.a.transfermarkt.technology/portrait/medium/448466-1696837471.jpg?lm=1
57131,Tiago Ferreira,Offence,2002-03-18,Portugal,2000000,CF Estrela da Amadora,9136,https://img.a.transfermarkt.technology/portrait/medium/481623-1690898542.jpg?lm=1
178851,Petterson,Offence,2004-01-04,Brazil,250000,CF Estrela da Amadora,9136,https://img.a.transfermarkt.technology/portrait/medium/default.jpg?lm=1
209529,Bilal Mazhar,Offence,2003-11-21,Egypt,400000,CF Estrela da Amadora,9136,https://img.a.transfermarkt.technology/portrait/medium/808907-1677660348.jpg?lm=1
244810,Eurichano Setila,Offence,2004-02-17,Angola,350000,CF Estrela da Amadora,9136,https://img.a.transfermarkt.technology/portrait/medium/743987-1629128023.JPG?lm=1
263892,Caio Santana,Offence,2004-03-22,Brazil,200000,CF Estrela da Amadora,9136,https://img.a.transfermarkt.technology/portrait/medium/default.jpg?lm=1
263911,Paulo Vitor,Offence,2004-04-19,Brazil,1000000,CF Estrela da Amadora,9136,https://img.a.transfermarkt.technology/portrait/medium/875511-1631628777.jpg?lm=1
269799,Gustavo Reyes,Offence,2000-09-16,Colombia,8000000,CF Estrela da Amadora,9136,https://img.a.transfermarkt.technology/portrait/medium/982575-1668437788.jpg?lm=1
178810,André Luiz,Centre-Forward,2002-02-23,Brazil,600000,CF Estrela da Amadora,9136,https://img.a.transfermarkt.technology/portrait/medium/919262-1705778510.jpg?lm=1
153938,Leonel Bucca,Central Midfield,1999-03-20,Argentina,500000,CF Estrela da Amadora,9136,https://img.a.transfermarkt.technology/portrait/medium/830841-1649867782.JPG?lm=1
131219,Nilton Varela,Left Winger,2001-05-25,Portugal,600000,CF Estrela da Amadora,9136,https://img.a.transfermarkt.technology/portrait/medium/default.jpg?lm=1
79824,Kikas,Centre-Forward,1998-09-17,Portugal,200000,CF Estrela da Amadora,9136,https://img.a.transfermarkt.technology/portrait/medium/614987-1681592213.PNG?lm=1
45350,Rodrigo Pinho,Centre-Forward,1991-05-30,Brazil,400000,CF Estrela da Amadora,9136,https://img.a.transfermarkt.technology/portrait/medium/366278-1643889005.jpg?lm=1
45195,Ruben Lima,Left-Back,1989-10-03,Portugal,100000,CF Estrela da Amadora,9136,https://img.a.transfermarkt.technology/portrait/medium/58965-1537360272.png?lm=1
30411,Miguel Lopes,Right-Back,1986-12-19,Portugal,50000,CF Estrela da Amadora,9136,https://img.a.transfermarkt.technology/portrait/medium/59248-1668162778.png?lm=1
213132,Leonardo Silva,Central Midfield,1995-09-27,Brazil,0,CF Estrela da Amadora,9136,https://img.a.transfermarkt.technology/portrait/medium/default.jpg?lm=1
213128,Keliano,Defensive Midfield,2003-01-16,Angola,400000,CF Estrela da Amadora,9136,https://img.a.transfermarkt.technology/portrait/medium/1059814-1705960633.jpg?lm=1
45404,Pedro Trigueira,Goalkeeper,1988-01-04,Portugal,75000,AVS,10340,https://img.a.transfermarkt.technology/portrait/medium/91949-1537360799.png?lm=1
169628,Simão Bertelli,Goalkeeper,1993-07-02,Brazil,100000,AVS,10340,https://img.a.transfermarkt.technology/portrait/medium/538253-1660730331.jpg?lm=1
181386,Francisco Ochoa,Goalkeeper,1985-07-14,Mexico,7000000,AVS,10340,https://img.a.transfermarkt.technology/portrait/medium/478365-1537881888.jpg?lm=1
243607,Lucas Alviano,Goalkeeper,2004-03-10,Brazil,50000,AVS,10340,https://img.a.transfermarkt.technology/portrait/medium/default.jpg?lm=1
9029,Jorge Teixeira,Defence,1986-08-27,Portugal,50000,AVS,10340,https://img.a.transfermarkt.technology/portrait/medium/59791-1612084164.jpg?lm=1
45166,Fernando Fonseca,Defence,1997-03-14,Portugal,300000,AVS,10340,https://img.a.transfermarkt.technology/portrait/medium/344392-1542121045.jpg?lm=1
45278,Kiki,Defence,1994-12-10,Portugal,500000,AVS,10340,https://img.a.transfermarkt.technology/portrait/medium/270055-1690030617.png?lm=1
136169,Baptiste Roux,Defence,1999-11-26,France,600000,AVS,10340,https://img.a.transfermarkt.technology/portrait/medium/796895-1656330562.png?lm=1
156602,Rafael Rodrigues,Defence,2002-01-27,Portugal,1800000,AVS,10340,https://img.a.transfermarkt.technology/portrait/medium/549034-1625667619.jpg?lm=1
178441,Cristian Castro,Defence,2001-01-25,Colombia,1000000,AVS,10340,https://img.a.transfermarkt.technology/portrait/medium/740498-1705756920.jpg?lm=1
193004,Ignacio Rodriguez,Defence,2003-11-10,Uruguay,600000,AVS,10340,https://img.a.transfermarkt.technology/portrait/medium/959241-1713199090.jpg?lm=1
243572,Léo Alaba,Defence,1999-07-01,Brazil,600000,AVS,10340,https://img.a.transfermarkt.technology/portrait/medium/864733-1733273801.jpg?lm=1
32153,Giorgi Aburjania,Midfield,1995-01-02,Georgia,700000,AVS,10340,https://img.a.transfermarkt.technology/portrait/medium/186848-1696433135.png?lm=1
37474,Luís Silva,Midfield,1992-09-29,Portugal,150000,AVS,10340,https://img.a.transfermarkt.technology/portrait/medium/193319-1508857067.jpg?lm=1
66335,Eric Veiga,Midfield,1997-02-18,Luxembourg,200000,AVS,10340,https://img.a.transfermarkt.technology/portrait/medium/251447-1569363070.jpg?lm=1
79823,Jonatan Lucca,Midfield,1994-06-02,Brazil,250000,AVS,10340,https://img.a.transfermarkt.technology/portrait/medium/232577-1684346971.jpg?lm=1
102250,Jaume Grau,Midfield,1997-05-05,Spain,700000,AVS,10340,https://img.a.transfermarkt.technology/portrait/medium/340864-1448530794.jpg?lm=1
243619,Gustavo Mendonça,Midfield,2003-03-11,Portugal,250000,AVS,10340,https://img.a.transfermarkt.technology/portrait/medium/default.jpg?lm=1
2470,Nenê,Offence,1983-07-28,Brazil,50000,AVS,10340,https://img.a.transfermarkt.technology/portrait/medium/45717-1537365392.jpg?lm=1
111265,Yair Mena Palacios,Offence,2000-06-28,Colombia,75000,AVS,10340,https://img.a.transfermarkt.technology/portrait/medium/638218-1699641348.JPG?lm=1
168873,Samuel,Offence,2000-10-02,Brazil,1500000,AVS,10340,https://img.a.transfermarkt.technology/portrait/medium/284701-1669115006.png?lm=1
178792,John Mercado,Offence,2002-06-03,Ecuador,1500000,AVS,10340,https://img.a.transfermarkt.technology/portrait/medium/659804-1575284239.png?lm=1
242373,Carlos Daniel,Offence,2002-04-05,Brazil,200000,AVS,10340,https://img.a.transfermarkt.technology/portrait/medium/33706-1695118404.png?lm=1
243614,Vasco Lopes,Offence,1999-09-02,Cape Verde Islands,450000,AVS,10340,https://img.a.transfermarkt.technology/portrait/medium/default.jpg?lm=1
116188,Gustavo Assunção,Defensive Midfield,2000-03-30,Brazil,1500000,AVS,10340,https://img.a.transfermarkt.technology/portrait/medium/461629-1591609013.jpg?lm=1
16149,Zé Luís,Centre-Forward,1991-01-24,Cape Verde Islands,300000,AVS,10340,https://img.a.transfermarkt.technology/portrait/medium/134602-1617369617.png?lm=1
3977,Lucas Piazon,Attacking Midfield,1994-01-20,Brazil,1200000,AVS,10340,https://img.a.transfermarkt.technology/portrait/medium/176485-1729962489.jpg?lm=1
203426,Babatunde Akinsola,Left Winger,2003-03-10,Nigeria,250000,AVS,10340,https://img.a.transfermarkt.technology/portrait/medium/924447-1700777468.jpg?lm=1
190998,Issiaka Kamate,Right Winger,2004-08-02,France,1000000,AVS,10340,https://img.a.transfermarkt.technology/portrait/medium/885623-1699458095.jpg?lm=1
178772,Rodrigo Ribeiro,Centre-Forward,2005-04-28,Portugal,3000000,AVS,10340,https://img.a.transfermarkt.technology/portrait/medium/726701-1666100589.jpg?lm=1
