Id,Name,Position,Date of Birth,Country,Market Value,Team,TeamId
3221,Neto,Goalkeeper,1989-07-19,Brazil,35000000,Arsenal FC,57
4832,David Raya,Goalkeeper,1995-09-15,Spain,8000000,Arsenal FC,57
171455,Tommy Setford,Goalkeeper,2006-03-13,England,20000000,Arsenal FC,57
270449,Jack Porter,Goalkeeper,2008-07-15,England,1200000,Arsenal FC,57
270668,Aleksei Fedorushchenko,Goalkeeper,2005-09-28,Russia,35000000,Arsenal FC,57
246388,Zane Monlouis,Defence,2003-10-16,England,38000000,Arsenal FC,57
270317,Maldini Kacurri,Defence,2005-10-04,Albania,4500000,Arsenal FC,57
270663,Josh Nichols,Defence,2006-07-26,England,4000000,Arsenal FC,57
270780,Josh Robinson,Defence,2004-12-20,England,25000000,Arsenal FC,57
175905,Salah Oulad M'Hand,Midfield,2003-08-20,Netherlands,5000000,Arsenal FC,57
190818,Nathan Butler-Oyedeji,Midfield,2003-01-04,England,40000000,Arsenal FC,57
270448,Jimi Gower,Midfield,2004-10-01,England,17000000,Arsenal FC,57
270318,Ismeal Kabia,Offence,2005-12-10,Netherlands,8000000,Arsenal FC,57
98816,Jurrien Timber,Centre-Back,2001-06-17,Netherlands,38000000,Arsenal FC,57
80171,William Saliba,Centre-Back,2001-03-24,France,80000000,Arsenal FC,57
61450,Martinelli,Left Winger,2001-06-18,Brazil,60000000,Arsenal FC,57
23128,Gabriel,Centre-Back,1997-12-19,Brazil,75000000,Arsenal FC,57
15615,Kieran Tierney,Left-Back,1997-06-05,Scotland,300000,Arsenal FC,57
9034,Takehiro Tomiyasu,Right-Back,1998-11-05,Japan,35000000,Arsenal FC,57
8984,Leandro Trossard,Left Winger,1994-12-04,Belgium,35000000,Arsenal FC,57
8215,Declan Rice,Defensive Midfield,1999-01-14,England,120000000,Arsenal FC,57
7935,Mikel Merino,Central Midfield,1996-06-22,Spain,12000000,Arsenal FC,57
7889,Oleksandr Zinchenko,Left-Back,1996-12-15,Ukraine,35000000,Arsenal FC,57
7427,Martin Ødegaard,Attacking Midfield,1998-12-17,Norway,110000000,Arsenal FC,57
6154,Ben White,Right-Back,1997-10-08,England,55000000,Arsenal FC,57
3329,Raheem Sterling,Left Winger,1994-12-08,England,1200000,Arsenal FC,57
3236,Gabriel Jesus,Centre-Forward,1997-04-03,Brazil,55000000,Arsenal FC,57
2094,Jorginho,Defensive Midfield,1991-12-20,Italy,12000000,Arsenal FC,57
171,Kai Havertz,Centre-Forward,1999-06-11,Germany,75000000,Arsenal FC,57
110,Thomas Partey,Defensive Midfield,1993-06-13,Ghana,18000000,Arsenal FC,57
247644,Ayden Heaven,Centre-Back,2006-09-22,England,1800000,Arsenal FC,57
244120,Myles Lewis-Skelly,Defensive Midfield,2006-09-26,England,13000000,Arsenal FC,57
188476,Ethan Nwaneri,Attacking Midfield,2007-03-21,England,20000000,Arsenal FC,57
147286,Jakub Kiwior,Centre-Back,2000-02-15,Poland,30000000,Arsenal FC,57
133512,Riccardo Calafiori,Left-Back,2002-05-19,Italy,130000000,Arsenal FC,57
99813,Bukayo Saka,Right Winger,2001-09-05,England,140000000,Arsenal FC,57
3141,Emiliano Martínez,Goalkeeper,1992-09-02,Argentina,28000000,Aston Villa FC,58
15512,Robin Olsen,Goalkeeper,1990-01-08,Sweden,1500000,Aston Villa FC,58
81871,Joe Gauci,Goalkeeper,2000-07-04,Australia,1500000,Aston Villa FC,58
136711,Oliwier Zych,Goalkeeper,2004-06-28,Poland,20000000,Aston Villa FC,58
244962,Sam Proctor,Goalkeeper,2006-12-21,England,17000000,Aston Villa FC,58
157274,Sil Swinkels,Defence,2004-01-06,Netherlands,60000000,Aston Villa FC,58
270630,Triston Rowe,Defence,2006-05-18,England,65000000,Aston Villa FC,58
270628,Ben Broggio,Midfield,2007-01-29,England,17000000,Aston Villa FC,58
270631,Aidan Borland,Midfield,2007-04-25,Scotland,200000000,Aston Villa FC,58
270633,Jamaldeen Jimoh,Midfield,2006-10-02,England,13000000,Aston Villa FC,58
34646,John McGinn,Central Midfield,1994-10-18,Scotland,30000000,Aston Villa FC,58
33109,Pau Torres,Centre-Back,1997-01-16,Spain,45000000,Aston Villa FC,58
31941,Emiliano Buendía,Attacking Midfield,1996-12-25,Argentina,20000000,Aston Villa FC,58
11644,Matty Cash,Right-Back,1997-08-07,Poland,28000000,Aston Villa FC,58
8698,Diego Carlos,Centre-Back,1993-03-15,Brazil,12000000,Aston Villa FC,58
8346,Boubacar Kamara,Defensive Midfield,1999-11-23,France,38000000,Aston Villa FC,58
8235,Tyrone Mings,Centre-Back,1993-03-13,England,10000000,Aston Villa FC,58
7817,Ross Barkley,Central Midfield,1993-12-05,England,18000000,Aston Villa FC,58
6317,Ezri Konsa,Centre-Back,1998-04-06,England,35000000,Aston Villa FC,58
4444,Ollie Watkins,Centre-Forward,1995-12-30,England,65000000,Aston Villa FC,58
4082,Kortney Hause,Centre-Back,1995-07-16,England,2000000,Aston Villa FC,58
3658,Youri Tielemans,Central Midfield,1997-05-07,Belgium,30000000,Aston Villa FC,58
3359,Lucas Digne,Left-Back,1993-07-20,France,12000000,Aston Villa FC,58
157,Leon Bailey,Right Winger,1997-08-09,Jamaica,42000000,Aston Villa FC,58
217929,Kosta Nedeljković,Right-Back,2005-12-16,Serbia,42000000,Aston Villa FC,58
204428,Travis Patterson,Left-Back,2005-10-06,England,35000000,Aston Villa FC,58
190563,Kadan Young,Left Winger,2006-01-19,England,35000000,Aston Villa FC,58
172899,Lamare Bogarde,Centre-Back,2004-01-05,Netherlands,18000000,Aston Villa FC,58
172632,Jaden Philogene-Bidace,Left Winger,2002-02-08,England,150000000,Aston Villa FC,58
131120,Ian Maatsen,Left-Back,2002-03-10,Netherlands,8000000,Aston Villa FC,58
114024,Amadou Onana,Defensive Midfield,2001-08-16,Belgium,38000000,Aston Villa FC,58
111437,Jacob Ramsey,Attacking Midfield,2001-05-28,England,32000000,Aston Villa FC,58
104493,Jhon Durán,Centre-Forward,2003-12-13,Colombia,35000000,Aston Villa FC,58
82140,Morgan Rogers,Attacking Midfield,2002-07-26,England,22000000,Aston Villa FC,58
3953,Marcus Bettinelli,Goalkeeper,1992-05-24,England,1000000,Chelsea FC,61
135555,Robert Sánchez,Goalkeeper,1997-11-18,Spain,20000000,Chelsea FC,61
153828,Filip Jörgensen,Goalkeeper,2002-04-16,Denmark,20000000,Chelsea FC,61
179663,Lucas Bergström,Goalkeeper,2002-09-05,Finland,20000000,Chelsea FC,61
246715,Max Merrick,Goalkeeper,2005-11-10,England,20000000,Chelsea FC,61
272057,Samuel Rak-Sakyi,Midfield,2005-03-27,England,13000000,Chelsea FC,61
39265,João Félix,Offence,1999-11-10,Portugal,13000000,Chelsea FC,61
214417,Omari Kellyman,Offence,2005-09-25,England,30000000,Chelsea FC,61
272058,Shumaira Mheuka,Offence,2007-10-20,England,30000000,Chelsea FC,61
152515,Nicolas Jackson,Centre-Forward,2001-06-20,Senegal,40000000,Chelsea FC,61
152498,Malo Gusto,Right-Back,2003-05-19,France,35000000,Chelsea FC,61
144892,Cole Palmer,Attacking Midfield,2002-05-06,England,90000000,Chelsea FC,61
140194,Kiernan Dewsbury Hall,Central Midfield,1998-09-06,England,8000000,Chelsea FC,61
121103,Moisés Caicedo,Defensive Midfield,2001-11-02,Ecuador,75000000,Chelsea FC,61
102603,Enzo Fernández,Central Midfield,2001-01-17,Argentina,75000000,Chelsea FC,61
98978,Mykhailo Mudryk,Left Winger,2001-01-05,Ukraine,30000000,Chelsea FC,61
56628,Reece James,Right-Back,1999-12-08,England,35000000,Chelsea FC,61
15863,Cucurella,Left-Back,1998-07-22,Spain,30000000,Chelsea FC,61
8545,Wesley Fofana,Centre-Back,2000-12-17,France,25000000,Chelsea FC,61
8484,Christopher Nkunku,Attacking Midfield,1997-11-14,France,65000000,Chelsea FC,61
8065,Ben Chilwell,Left-Back,1996-12-21,England,22000000,Chelsea FC,61
7880,Tosin Adarabioyo,Centre-Back,1997-09-24,England,20000000,Chelsea FC,61
2074,Pedro Neto,Right Winger,2000-03-09,Portugal,20000000,Chelsea FC,61
813,Axel Disasi,Centre-Back,1998-03-11,France,35000000,Chelsea FC,61
146,Jadon Sancho,Left Winger,2000-03-25,England,50000000,Chelsea FC,61
250436,Tyrique George,Left Winger,2006-02-04,England,17000000,Chelsea FC,61
250364,Kiano Dyer,Central Midfield,2006-11-21,England,28000000,Chelsea FC,61
249320,Josh Acheampong,Right-Back,2006-05-05,England,250000,Chelsea FC,61
207109,Marc Guiu,Centre-Forward,2006-01-04,Spain,45000000,Chelsea FC,61
203375,Deivid Washington,Centre-Forward,2005-06-05,Brazil,9000000,Chelsea FC,61
179558,Cesare Casadei,Central Midfield,2003-01-10,Italy,10000000,Chelsea FC,61
178769,Renato Veiga,Centre-Back,2003-07-29,Portugal,70000000,Chelsea FC,61
172738,Romeo Lavia,Defensive Midfield,2004-01-06,Belgium,35000000,Chelsea FC,61
170440,Levi Colwill,Centre-Back,2003-02-26,England,50000000,Chelsea FC,61
170426,Benoît Badiashile,Centre-Back,2001-03-26,France,30000000,Chelsea FC,61
167720,Noni Madueke,Right Winger,2002-03-10,England,35000000,Chelsea FC,61
167570,Carney Chukwuemeka,Central Midfield,2003-10-20,England,15000000,Chelsea FC,61
3309,Jordan Pickford,Goalkeeper,1994-03-07,England,22000000,Everton FC,62
8229,Asmir Begović,Goalkeeper,1987-06-20,Bosnia-Herzegovina,15000000,Everton FC,62
82207,João Virgínia,Goalkeeper,1999-10-10,Portugal,800000,Everton FC,62
265345,Roman Dixon,Defence,2004-12-26,England,200000,Everton FC,62
270430,Bradley Moonan,Defence,,England,15000000,Everton FC,62
264281,Harrison Armstrong,Midfield,2007-01-19,England,35000000,Everton FC,62
270426,Luke Butterfield,Midfield,2003-09-29,Scotland,28000000,Everton FC,62
270427,Owen Barker,Midfield,2005-02-23,England,13000000,Everton FC,62
272715,Callum Bates,Midfield,2005-09-28,England,22000000,Everton FC,62
270429,Martin Sherif,Offence,2006-06-10,Netherlands,110000000,Everton FC,62
94091,Iliman Ndiaye,Left Winger,1999-07-22,Senegal,20000000,Everton FC,62
81973,Jesper Lindstrøm,Right Winger,2000-02-29,Denmark,20000000,Everton FC,62
16165,Vitalii Mykolenko,Left-Back,1999-05-29,Ukraine,28000000,Everton FC,62
11623,Dwight McNeil,Left Winger,1999-11-22,England,22000000,Everton FC,62
9398,Orel Mangala,Defensive Midfield,1998-03-18,Belgium,17000000,Everton FC,62
8119,Abdoulaye Doucouré,Central Midfield,1993-01-01,Mali,10000000,Everton FC,62
7839,Dominic Calvert-Lewin,Centre-Forward,1997-03-16,England,22000000,Everton FC,62
7836,Séamus Coleman,Right-Back,1988-10-11,Ireland,500000,Everton FC,62
7829,Michael Keane,Centre-Back,1993-01-11,England,6000000,Everton FC,62
4220,Jack Harrison,Right Winger,1996-11-20,England,35000000,Everton FC,62
3627,Idrissa Gana Guèye,Central Midfield,1989-09-26,Senegal,2000000,Everton FC,62
3317,Ashley Young,Left-Back,1985-07-09,England,500000,Everton FC,62
3316,James Tarkowski,Centre-Back,1992-11-19,England,13000000,Everton FC,62
188082,Youssef Chermiti,Centre-Forward,2004-05-24,Portugal,9000000,Everton FC,62
169326,Tim Iroegbunam,Central Midfield,2002-08-12,England,20000000,Everton FC,62
143054,Armando Broja,Centre-Forward,2001-09-10,Albania,35000000,Everton FC,62
138174,Nathan Patterson,Right-Back,2001-10-16,Scotland,15000000,Everton FC,62
131569,Jake O'Brien,Centre-Back,2001-05-15,Ireland,130000000,Everton FC,62
125044,Beto,Centre-Forward,1998-01-31,Portugal,20000000,Everton FC,62
114120,Jarrad Branthwaite,Centre-Back,2002-06-27,England,42000000,Everton FC,62
101076,James Garner,Defensive Midfield,2001-03-13,England,22000000,Everton FC,62
3174,Bernd Leno,Goalkeeper,1992-03-04,Germany,13000000,Fulham FC,63
81055,Steven Benda,Goalkeeper,1998-10-01,Germany,1000000,Fulham FC,63
273201,Sam Amissah,Defence,2007-03-07,England,1000000,Fulham FC,63
204426,Martial Godo,Midfield,2003-03-14,England,17000000,Fulham FC,63
246418,Joshua King,Central Midfield,2007-01-03,England,200000,Fulham FC,63
146154,Calvin Bassey,Centre-Back,1999-12-31,Nigeria,16000000,Fulham FC,63
138036,Rodrigo Muniz,Centre-Forward,2001-05-04,Brazil,20000000,Fulham FC,63
98750,Jorge Cuenca,Centre-Back,1999-11-17,Spain,17000000,Fulham FC,63
85570,Emile Smith Rowe,Attacking Midfield,2000-07-28,England,15000000,Fulham FC,63
37833,Carlos Vinícius,Centre-Forward,1995-03-25,Brazil,22000000,Fulham FC,63
33153,Andreas Pereira,Attacking Midfield,1996-01-01,Brazil,20000000,Fulham FC,63
32938,Saša Lukić,Central Midfield,1996-08-13,Serbia,10000000,Fulham FC,63
11777,Harry Wilson,Right Winger,1997-03-22,Wales,17000000,Fulham FC,63
8973,Sander Berge,Defensive Midfield,1998-02-14,Norway,50000000,Fulham FC,63
8460,Kenny Tete,Right-Back,1995-10-09,Netherlands,15000000,Fulham FC,63
8296,Issa Diop,Centre-Back,1997-01-09,France,20000000,Fulham FC,63
7799,Reiss Nelson,Right Winger,1999-12-10,England,28000000,Fulham FC,63
4221,Adama Traoré,Right Winger,1996-01-25,Spain,9000000,Fulham FC,63
3995,Harrison Reed,Central Midfield,1995-01-27,England,13000000,Fulham FC,63
3965,Tom Cairney,Central Midfield,1991-01-20,England,2000000,Fulham FC,63
3959,Ryan Sessegnon,Left-Back,2000-05-18,England,20000000,Fulham FC,63
3927,Antonee Robinson,Left-Back,1997-08-08,USA,25000000,Fulham FC,63
3392,Alex Iwobi,Left Winger,1996-05-03,Nigeria,25000000,Fulham FC,63
3305,Raúl Jiménez,Centre-Forward,1991-05-05,Mexico,5000000,Fulham FC,63
2253,Joachim Andersen,Centre-Back,1996-05-31,Denmark,35000000,Fulham FC,63
1836,Timothy Castagne,Right-Back,1995-12-05,Belgium,17000000,Fulham FC,63
1795,Alisson,Goalkeeper,1992-10-02,Brazil,28000000,Liverpool FC,64
102046,Caoimhin Kelleher,Goalkeeper,1998-11-23,Ireland,20000000,Liverpool FC,64
152579,Vítězslav Jaroš,Goalkeeper,2001-07-23,Czech Republic,20000000,Liverpool FC,64
165154,Harvey Davies,Goalkeeper,2003-09-03,England,35000000,Liverpool FC,64
272306,Ranel Young,Offence,2005-12-26,England,900000,Liverpool FC,64
248990,Amara Nallo,Centre-Back,2006-11-18,England,22000000,Liverpool FC,64
230517,Trey Nyoni,Attacking Midfield,2007-06-30,England,20000000,Liverpool FC,64
176718,Jarell Quansah,Centre-Back,2003-01-29,England,22000000,Liverpool FC,64
175865,Conor Bradley,Right-Back,2003-07-09,Northern Ireland,15000000,Liverpool FC,64
175845,Tyler Morton,Defensive Midfield,2002-10-31,England,20000000,Liverpool FC,64
124824,Harvey Elliott,Central Midfield,2003-04-04,England,35000000,Liverpool FC,64
81793,Ryan Gravenberch,Central Midfield,2002-05-16,Netherlands,40000000,Liverpool FC,64
45681,Alexis Mac Allister,Central Midfield,1998-12-24,Argentina,75000000,Liverpool FC,64
28612,Darwin Núñez,Centre-Forward,1999-06-24,Uruguay,65000000,Liverpool FC,64
22396,Luis Díaz,Left Winger,1997-01-13,Colombia,80000000,Liverpool FC,64
16347,Dominik Szoboszlai,Attacking Midfield,2000-10-25,Hungary,75000000,Liverpool FC,64
9542,Ibrahima Konaté,Centre-Back,1999-05-25,France,45000000,Liverpool FC,64
7873,Curtis Jones,Central Midfield,2001-01-30,England,35000000,Liverpool FC,64
7869,Virgil van Dijk,Centre-Back,1991-07-08,Netherlands,30000000,Liverpool FC,64
7868,Andrew Robertson,Left-Back,1994-03-11,Scotland,30000000,Liverpool FC,64
7867,Trent Alexander-Arnold,Right-Back,1998-10-07,England,70000000,Liverpool FC,64
7862,Joe Gomez,Centre-Back,1997-05-23,England,28000000,Liverpool FC,64
7459,Cody Gakpo,Left Winger,1999-05-07,Netherlands,55000000,Liverpool FC,64
7383,Kostas Tsimikas,Left-Back,1996-05-12,Greece,22000000,Liverpool FC,64
4092,Diogo Jota,Centre-Forward,1996-12-04,Portugal,50000000,Liverpool FC,64
3754,Mohamed Salah,Right Winger,1992-06-15,Egypt,55000000,Liverpool FC,64
3269,Wataru Endō,Defensive Midfield,1993-02-09,Japan,13000000,Liverpool FC,64
1780,Federico Chiesa,Right Winger,1997-10-25,Italy,20000000,Liverpool FC,64
3222,Ederson,Goalkeeper,1993-08-17,Brazil,35000000,Manchester City FC,65
4172,Scott Carson,Goalkeeper,1985-09-03,England,200000,Manchester City FC,65
6958,Stefan Ortega Moreno,Goalkeeper,1992-11-06,Germany,9000000,Manchester City FC,65
270613,Kaden Braithwaite,Defence,2008-03-25,England,42000000,Manchester City FC,65
272307,Jahmai Simpson-Pusey,Defence,2005-11-04,England,0,Manchester City FC,65
206743,Nico O'Reilly,Midfield,2005-03-21,England,40000000,Manchester City FC,65
272311,Farid Alfa-Ruprecht,Offence,2006-03-28,Germany,40000000,Manchester City FC,65
245445,Jacob Wright,Defensive Midfield,2005-09-21,England,15000000,Manchester City FC,65
187202,Rico Lewis,Right-Back,2004-11-21,England,40000000,Manchester City FC,65
179716,Oscar Bobb,Right Winger,2003-07-12,Norway,25000000,Manchester City FC,65
172956,James McAtee,Attacking Midfield,2002-10-18,England,12000000,Manchester City FC,65
172791,Josh Wilson-Esbrand,Left-Back,2002-12-26,England,4000000,Manchester City FC,65
146352,Sávio,Right Winger,2004-04-10,Brazil,500000,Manchester City FC,65
122266,Joško Gvardiol,Left-Back,2002-01-23,Croatia,75000000,Manchester City FC,65
99775,Jeremy Doku,Left Winger,2002-05-27,Belgium,65000000,Manchester City FC,65
91512,Matheus Nunes,Central Midfield,1998-08-27,Portugal,40000000,Manchester City FC,65
38101,Erling Haaland,Centre-Forward,2000-07-21,Norway,200000000,Manchester City FC,65
10183,Rúben Dias,Centre-Back,1997-05-14,Portugal,80000000,Manchester City FC,65
8240,Nathan Aké,Centre-Back,1995-02-18,Netherlands,40000000,Manchester City FC,65
7888,Phil Foden,Right Winger,2000-05-28,England,150000000,Manchester City FC,65
3895,Jack Grealish,Left Winger,1995-09-10,England,55000000,Manchester City FC,65
3654,Kevin De Bruyne,Attacking Midfield,1991-06-28,Belgium,45000000,Manchester City FC,65
3313,John Stones,Centre-Back,1994-05-28,England,38000000,Manchester City FC,65
3311,Kyle Walker,Right-Back,1990-05-28,England,13000000,Manchester City FC,65
3254,Bernardo Silva,Attacking Midfield,1994-08-10,Portugal,70000000,Manchester City FC,65
3199,Rodri,Defensive Midfield,1996-06-22,Spain,130000000,Manchester City FC,65
3182,Ilkay Gündogan,Central Midfield,1990-10-24,Germany,28000000,Manchester City FC,65
143,Manuel Akanji,Centre-Back,1995-07-19,Switzerland,45000000,Manchester City FC,65
65,Mateo Kovačić,Central Midfield,1994-05-06,Croatia,30000000,Manchester City FC,65
7544,André Onana,Goalkeeper,1996-04-02,Cameroon,35000000,Manchester United FC,66
8035,Tom Heaton,Goalkeeper,1986-04-15,England,250000,Manchester United FC,66
29518,Altay Bayındır,Goalkeeper,1998-04-14,Turkey,10000000,Manchester United FC,66
273281,Godwill Kukonki,Defence,2008-02-06,England,17000000,Manchester United FC,66
271941,Jack Fletcher,Midfield,2007-03-19,England,2000000,Manchester United FC,66
272305,Jayce Fitzgerald,Midfield,2007-05-09,England,2000000,Manchester United FC,66
28549,Manuel Ugarte,Defensive Midfield,2001-04-11,Uruguay,900000,Manchester United FC,66
15905,Diogo Dalot,Right-Back,1999-03-18,Portugal,40000000,Manchester United FC,66
8014,Jonny Evans,Centre-Back,1988-01-03,Northern Ireland,2000000,Manchester United FC,66
7898,Luke Shaw,Left-Back,1995-07-12,England,28000000,Manchester United FC,66
7599,Mason Mount,Attacking Midfield,1999-01-10,England,35000000,Manchester United FC,66
7553,Noussair Mazraoui,Right-Back,1997-11-14,Morocco,38000000,Manchester United FC,66
7549,Matthijs de Ligt,Centre-Back,1999-08-12,Netherlands,38000000,Manchester United FC,66
7467,Tyrell Malacia,Left-Back,1999-08-17,Netherlands,18000000,Manchester United FC,66
3492,Victor Nilsson-Lindelöf,Centre-Back,1994-07-17,Sweden,15000000,Manchester United FC,66
3459,Christian Eriksen,Central Midfield,1992-02-14,Denmark,8000000,Manchester United FC,66
3331,Marcus Rashford,Left Winger,1997-10-31,England,60000000,Manchester United FC,66
3326,Harry Maguire,Centre-Back,1993-03-05,England,18000000,Manchester United FC,66
3257,Bruno Fernandes,Attacking Midfield,1994-09-08,Portugal,65000000,Manchester United FC,66
3231,Casemiro,Defensive Midfield,1992-02-23,Brazil,15000000,Manchester United FC,66
250421,Ethan Wheatley,Centre-Forward,2006-01-20,England,0,Manchester United FC,66
248978,Habeeb Ogunneye,Right-Back,2005-11-12,England,0,Manchester United FC,66
248734,Toby Collyer,Defensive Midfield,2004-01-03,England,20000000,Manchester United FC,66
217491,Daniel Gore,Central Midfield,2004-09-26,England,900000,Manchester United FC,66
210150,Harry Amass,Left-Back,2007-03-16,England,12000000,Manchester United FC,66
190797,Kobbie Mainoo,Central Midfield,2005-04-19,England,55000000,Manchester United FC,66
181933,Leny Yoro,Centre-Back,2005-11-13,France,60000000,Manchester United FC,66
181901,Alejandro Garnacho,Left Winger,2004-07-01,Argentina,50000000,Manchester United FC,66
152770,Rasmus Højlund,Centre-Forward,2003-02-04,Denmark,65000000,Manchester United FC,66
133584,Amad Diallo,Right Winger,2002-07-11,Ivory Coast,22000000,Manchester United FC,66
99731,Joshua Zirkzee,Centre-Forward,2001-05-22,Netherlands,22000000,Manchester United FC,66
97085,Antony,Right Winger,2000-02-24,Brazil,20000000,Manchester United FC,66
46451,Lisandro Martínez,Centre-Back,1998-01-18,Argentina,50000000,Manchester United FC,66
3310,Nick Pope,Goalkeeper,1992-04-19,England,16000000,Newcastle United FC,67
4078,John Ruddy,Goalkeeper,1986-10-24,England,15000000,Newcastle United FC,67
5048,Mark Gillespie,Goalkeeper,1992-03-27,England,300000,Newcastle United FC,67
7914,Martin Dúbravka,Goalkeeper,1989-01-15,Slovakia,1000000,Newcastle United FC,67
42871,Odisseas Vlachodimos,Goalkeeper,1994-04-26,Greece,130000000,Newcastle United FC,67
176852,Lewis Hall,Midfield,2004-09-08,England,22000000,Newcastle United FC,67
230364,Alex Murphy,Left-Back,2004-06-25,Ireland,15000000,Newcastle United FC,67
191939,Lewis Miley,Central Midfield,2006-05-01,England,22000000,Newcastle United FC,67
181158,Garang Kuol,Left Winger,2004-09-15,Australia,40000000,Newcastle United FC,67
169324,William Osula,Centre-Forward,2003-08-04,Denmark,80000000,Newcastle United FC,67
168712,Valentino Livramento,Right-Back,2002-11-12,England,35000000,Newcastle United FC,67
81082,Sven Botman,Centre-Back,2000-01-12,Netherlands,45000000,Newcastle United FC,67
76861,Miguel Almirón,Right Winger,1994-02-10,Paraguay,20000000,Newcastle United FC,67
10653,Joelinton,Central Midfield,1996-08-14,Brazil,40000000,Newcastle United FC,67
8251,Callum Wilson,Centre-Forward,1992-02-27,England,13000000,Newcastle United FC,67
8076,Harvey Barnes,Left Winger,1997-12-09,England,35000000,Newcastle United FC,67
7934,Jacob Murphy,Right Winger,1995-02-24,England,15000000,Newcastle United FC,67
7922,Isaac Hayden,Defensive Midfield,1995-03-22,England,1800000,Newcastle United FC,67
7848,Anthony Gordon,Left Winger,2001-02-24,England,60000000,Newcastle United FC,67
7798,Joe Willock,Central Midfield,1999-08-20,England,30000000,Newcastle United FC,67
6486,Alexander Isak,Centre-Forward,1999-09-21,Sweden,75000000,Newcastle United FC,67
4955,Sean Longstaff,Central Midfield,1997-10-30,England,25000000,Newcastle United FC,67
4870,Dan Burn,Centre-Back,1992-05-09,England,8000000,Newcastle United FC,67
4393,Lloyd Kelly,Centre-Back,1998-10-06,England,2500000,Newcastle United FC,67
3962,Matt Targett,Left-Back,1995-09-18,England,8000000,Newcastle United FC,67
3312,Kieran Trippier,Right-Back,1990-09-19,England,10000000,Newcastle United FC,67
2563,Sandro Tonali,Central Midfield,2000-05-08,Italy,38000000,Newcastle United FC,67
1868,Emil Krafth,Right-Back,1994-08-02,Sweden,2500000,Newcastle United FC,67
1684,Bruno Guimarães,Defensive Midfield,1997-11-16,Brazil,85000000,Newcastle United FC,67
88,Fabian Schär,Centre-Back,1991-12-20,Switzerland,10000000,Newcastle United FC,67
3086,Guglielmo Vicario,Goalkeeper,1996-10-07,Italy,35000000,Tottenham Hotspur FC,73
7992,Alfie Whiteman,Goalkeeper,1998-10-02,England,500000,Tottenham Hotspur FC,73
8079,Fraser Forster,Goalkeeper,1988-03-17,England,1200000,Tottenham Hotspur FC,73
133229,Brandon Austin,Goalkeeper,1999-01-08,England,600000,Tottenham Hotspur FC,73
272980,Malachi Hardy,Defence,2008-03-10,England,55000000,Tottenham Hotspur FC,73
273128,Maeson King,Defence,2005-09-09,England,12000000,Tottenham Hotspur FC,73
270816,Dante Cassanova,Midfield,2004-06-21,England,28000000,Tottenham Hotspur FC,73
272688,Callum Olusesi,Midfield,2007-03-11,England,13000000,Tottenham Hotspur FC,73
270684,William Lankshear,Offence,2005-04-20,England,80000000,Tottenham Hotspur FC,73
270817,Damola Ajayi,Offence,2005-12-27,England,32000000,Tottenham Hotspur FC,73
272687,Luca Williams-Barnett,Offence,2008-10-01,England,17000000,Tottenham Hotspur FC,73
131177,Mickey van de Ven,Centre-Back,2001-04-19,Netherlands,55000000,Tottenham Hotspur FC,73
124694,Brennan Johnson,Right Winger,2001-05-23,Wales,48000000,Tottenham Hotspur FC,73
81037,Pedro Porro,Right-Back,1999-09-13,Spain,45000000,Tottenham Hotspur FC,73
80775,Djed Spence,Right-Back,2000-08-09,England,45000000,Tottenham Hotspur FC,73
51116,Reguilón,Left-Back,1996-12-16,Spain,12000000,Tottenham Hotspur FC,73
45735,Christian Romero,Centre-Back,1998-04-27,Argentina,65000000,Tottenham Hotspur FC,73
8410,Yves Bissouma,Defensive Midfield,1996-08-30,Mali,35000000,Tottenham Hotspur FC,73
8133,Richarlison,Centre-Forward,1997-05-10,Brazil,35000000,Tottenham Hotspur FC,73
7994,Ben Davies,Centre-Back,1993-04-24,Wales,10000000,Tottenham Hotspur FC,73
7878,Dominic Solanke,Centre-Forward,1997-09-14,England,200000,Tottenham Hotspur FC,73
3992,James Maddison,Attacking Midfield,1996-11-23,England,70000000,Tottenham Hotspur FC,73
3187,Timo Werner,Left Winger,1996-03-06,Germany,20000000,Tottenham Hotspur FC,73
2041,Rodrigo Bentancur,Defensive Midfield,1997-06-25,Uruguay,35000000,Tottenham Hotspur FC,73
1859,Dejan Kulusevski,Attacking Midfield,2000-04-25,Sweden,55000000,Tottenham Hotspur FC,73
251740,Tyrese Hall,Central Midfield,2005-09-04,England,55000000,Tottenham Hotspur FC,73
251079,Mikey Moore,Left Winger,2007-08-11,England,900000,Tottenham Hotspur FC,73
230351,Alfie Dorrington,Centre-Back,2005-04-20,England,20000000,Tottenham Hotspur FC,73
193622,Lucas Bergvall,Central Midfield,2006-02-02,Sweden,20000000,Tottenham Hotspur FC,73
184999,Wilson Odobert,Right Winger,2004-11-28,France,28000000,Tottenham Hotspur FC,73
177040,Archie Gray,Right-Back,2006-03-12,England,75000000,Tottenham Hotspur FC,73
170391,Pape Sarr,Central Midfield,2002-09-14,Senegal,45000000,Tottenham Hotspur FC,73
170378,Destiny Udogie,Left-Back,2002-11-28,Italy,45000000,Tottenham Hotspur FC,73
170281,Heung-min Son,Left Winger,1992-07-08,South Korea,45000000,Tottenham Hotspur FC,73
140432,Radu Drăgușin,Centre-Back,2002-02-03,Romania,25000000,Tottenham Hotspur FC,73
3884,Sam Johnstone,Goalkeeper,1993-03-25,England,38000000,Wolverhampton Wanderers FC,76
4418,Daniel Bentley,Goalkeeper,1993-07-13,England,2000000,Wolverhampton Wanderers FC,76
6180,Thomas King,Goalkeeper,1995-03-09,Wales,200000,Wolverhampton Wanderers FC,76
15899,José Sá,Goalkeeper,1993-01-17,Portugal,10000000,Wolverhampton Wanderers FC,76
265562,Luke Rawlings,Midfield,,England,28000000,Wolverhampton Wanderers FC,76
272968,Tom Edozie,Midfield,2006-05-18,England,20000000,Wolverhampton Wanderers FC,76
213269,Jørgen Strand Larsen,Offence,2000-02-06,Norway,8000000,Wolverhampton Wanderers FC,76
32767,Santiago Bueno,Centre-Back,1998-11-09,Uruguay,8000000,Wolverhampton Wanderers FC,76
30842,Matheus Cunha,Centre-Forward,1999-05-27,Brazil,45000000,Wolverhampton Wanderers FC,76
15862,Nélson Semedo,Right-Back,1993-11-16,Portugal,12000000,Wolverhampton Wanderers FC,76
10761,Saša Kalajdžić,Centre-Forward,1997-07-07,Austria,10000000,Wolverhampton Wanderers FC,76
8642,Rayan Aït Nouri,Left-Back,2001-06-06,Algeria,35000000,Wolverhampton Wanderers FC,76
8097,Mario Lemina,Defensive Midfield,1993-09-01,Gabon,10000000,Wolverhampton Wanderers FC,76
8012,Craig Dawson,Centre-Back,1990-05-06,England,2000000,Wolverhampton Wanderers FC,76
4081,Matt Doherty,Right-Back,1992-01-16,Ireland,3000000,Wolverhampton Wanderers FC,76
3354,Hwang Heechan,Centre-Forward,1996-01-26,South Korea,25000000,Wolverhampton Wanderers FC,76
3259,Gonçalo Guedes,Left Winger,1996-11-29,Portugal,17000000,Wolverhampton Wanderers FC,76
788,Jean-Ricner Bellegarde,Central Midfield,1998-06-27,France,18000000,Wolverhampton Wanderers FC,76
74,Pablo Sarabia,Right Winger,1992-05-11,Spain,8000000,Wolverhampton Wanderers FC,76
249435,Pedro Lima,Right-Back,2006-07-01,Brazil,50000000,Wolverhampton Wanderers FC,76
214507,Bastien Meupiyou Menadjou,Centre-Back,2006-03-19,France,1000000,Wolverhampton Wanderers FC,76
214423,Forbs,Left Winger,2004-03-19,Portugal,60000000,Wolverhampton Wanderers FC,76
193014,Enso Gonzalez,Left Winger,2005-01-20,Paraguay,4000000,Wolverhampton Wanderers FC,76
189479,Harvey Griffiths,Defensive Midfield,2003-09-22,England,17000000,Wolverhampton Wanderers FC,76
172581,Tommy Doyle,Central Midfield,2001-10-17,England,20000000,Wolverhampton Wanderers FC,76
153570,Yerson Mosquera,Centre-Back,2001-05-02,Colombia,35000000,Wolverhampton Wanderers FC,76
151666,Alfie Pond,Centre-Back,2004-03-01,England,42000000,Wolverhampton Wanderers FC,76
151521,Rodrigo Gomes,Right Midfield,2003-07-07,Portugal,130000000,Wolverhampton Wanderers FC,76
145538,André,Defensive Midfield,2001-07-16,Brazil,35000000,Wolverhampton Wanderers FC,76
138034,João Gomes,Central Midfield,2001-02-12,Brazil,40000000,Wolverhampton Wanderers FC,76
133553,Boubacar Traoré,Defensive Midfield,2001-08-20,Mali,6000000,Wolverhampton Wanderers FC,76
131115,Luke Cundle,Central Midfield,2002-04-26,England,5000000,Wolverhampton Wanderers FC,76
102223,Toti Gomes,Centre-Back,1999-01-16,Portugal,20000000,Wolverhampton Wanderers FC,76
7857,Danny Ward,Goalkeeper,1993-06-22,Wales,1800000,Leicester City FC,338
74783,Daniel Iversen,Goalkeeper,1997-07-19,Denmark,3000000,Leicester City FC,338
97144,Mads Hermansen,Goalkeeper,2000-07-11,Denmark,9000000,Leicester City FC,338
156764,Jakub Stolarczyk,Goalkeeper,2000-12-19,Poland,400000,Leicester City FC,338
245340,Michael Golding,Central Midfield,2006-05-23,England,6000000,Leicester City FC,338
189873,Bilal El Khannouss,Attacking Midfield,2005-05-09,Morocco,350000,Leicester City FC,338
187162,Abdul Issahaku,Right Winger,2004-03-08,Ghana,28000000,Leicester City FC,338
184273,Facundo Buonanotte,Attacking Midfield,2004-12-23,Argentina,38000000,Leicester City FC,338
179651,Will Alves,Attacking Midfield,2005-02-03,England,5000000,Leicester City FC,338
176777,Kasey McAteer,Right Winger,2001-11-22,Ireland,900000,Leicester City FC,338
167140,Victor Kristiansen,Left-Back,2002-12-16,Denmark,65000000,Leicester City FC,338
146019,Luke Thomas,Left-Back,2001-06-10,England,6000000,Leicester City FC,338
101439,Caleb Okoli,Centre-Back,2001-07-13,Italy,20000000,Leicester City FC,338
96974,Oliver Skipp,Defensive Midfield,2000-09-16,England,10000000,Leicester City FC,338
16348,Patson Daka,Centre-Forward,1998-10-09,Zambia,12000000,Leicester City FC,338
16077,Odsonne Edouard,Centre-Forward,1998-01-16,France,35000000,Leicester City FC,338
10182,Ricardo Pereira,Right-Back,1993-10-06,Portugal,8000000,Leicester City FC,338
8406,Boubakary Soumaré,Defensive Midfield,1999-02-27,France,38000000,Leicester City FC,338
8075,Hamza Choudhury,Defensive Midfield,1997-10-01,England,4500000,Leicester City FC,338
7999,Harry Winks,Defensive Midfield,1996-02-02,England,12000000,Leicester City FC,338
7984,Jordan Ayew,Centre-Forward,1991-09-11,Ghana,40000000,Leicester City FC,338
7328,Wout Faes,Centre-Back,1998-04-03,Belgium,20000000,Leicester City FC,338
6671,Jannik Vestergaard,Centre-Back,1992-08-03,Denmark,3000000,Leicester City FC,338
6332,Stephy Mavididi,Left Winger,1998-05-31,England,11000000,Leicester City FC,338
5613,James Justin,Right-Back,1998-02-23,England,15000000,Leicester City FC,338
4398,Bobby Reid,Right Winger,1993-02-02,Jamaica,15000000,Leicester City FC,338
4083,Conor Coady,Centre-Back,1993-02-25,England,3000000,Leicester City FC,338
3383,Wilfred Ndidi,Defensive Midfield,1996-12-16,Nigeria,16000000,Leicester City FC,338
3330,Jamie Vardy,Centre-Forward,1987-01-11,England,1000000,Leicester City FC,338
4010,Joe Lumley,Goalkeeper,1995-02-15,England,600000,Southampton FC,340
5530,Aaron Ramsdale,Goalkeeper,1998-05-14,England,15000000,Southampton FC,340
8080,Alex McCarthy,Goalkeeper,1989-12-03,England,500000,Southampton FC,340
36680,Gavin Bazunu,Goalkeeper,2002-02-20,Ireland,15000000,Southampton FC,340
265566,Jayden Moore,Defence,2006-12-12,England,15000000,Southampton FC,340
265565,Joe O'Brien-Whitmarsh,Midfield,2005-05-11,Ireland,130000000,Southampton FC,340
265568,Romeo Akachukwu,Midfield,2006-07-28,Ireland,20000000,Southampton FC,340
265567,Jay Robinson,Offence,2007-03-15,England,28000000,Southampton FC,340
35101,Ross Stewart,Centre-Forward,1996-09-01,Scotland,4500000,Southampton FC,340
24215,Paul Onuachu,Centre-Forward,1994-05-28,Nigeria,10000000,Southampton FC,340
11300,Ben Brereton,Centre-Forward,1999-04-18,Chile,20000000,Southampton FC,340
8471,Maxwel Cornet,Left Winger,1996-09-27,Ivory Coast,20000000,Southampton FC,340
8247,Ryan Fraser,Left Winger,1994-02-24,Scotland,40000000,Southampton FC,340
8086,Jan Bednarek,Centre-Back,1996-04-12,Poland,11000000,Southampton FC,340
8085,Jack Stephens,Centre-Back,1994-01-27,England,2000000,Southampton FC,340
8043,Charlie Taylor,Left-Back,1993-09-18,England,17000000,Southampton FC,340
7995,Kyle Walker-Peters,Right-Back,1997-04-13,England,20000000,Southampton FC,340
6318,Joe Aribo,Central Midfield,1996-07-21,Nigeria,5000000,Southampton FC,340
5626,Flynn Downes,Defensive Midfield,1999-01-20,England,38000000,Southampton FC,340
4863,Adam Armstrong,Centre-Forward,1997-02-10,England,16000000,Southampton FC,340
4024,Ryan Manning,Left-Back,1996-06-14,Ireland,3000000,Southampton FC,340
3899,James Bree,Right-Back,1997-10-11,England,2200000,Southampton FC,340
3318,Adam Lallana,Attacking Midfield,1988-05-10,England,12000000,Southampton FC,340
218525,Tyler Dibling,Right Winger,2006-02-17,England,18000000,Southampton FC,340
206809,Samuel Amo-Ameyaw,Right Winger,2006-07-18,England,300000,Southampton FC,340
187977,Juan Larios,Left-Back,2004-01-12,Spain,4500000,Southampton FC,340
187216,Mateus Fernandes,Central Midfield,2004-07-10,Portugal,65000000,Southampton FC,340
153555,Chimuanya Ugochukwu,Defensive Midfield,2004-03-26,France,65000000,Southampton FC,340
142140,Kamal Deen Sulemana,Left Winger,2002-02-15,Ghana,13000000,Southampton FC,340
141661,Ronnie Edwards,Centre-Back,2003-03-28,England,35000000,Southampton FC,340
137396,William Smallbone,Central Midfield,2000-02-21,Ireland,5000000,Southampton FC,340
131035,Taylor Harwood-Bellis,Centre-Back,2002-01-30,England,17000000,Southampton FC,340
128242,Cameron Archer,Centre-Forward,2001-07-21,England,12000000,Southampton FC,340
111555,Armel Bella Kotchap,Centre-Back,2001-12-11,Germany,2000000,Southampton FC,340
76745,Nathan Wood-Gordon,Centre-Back,2002-05-31,England,17000000,Southampton FC,340
48670,Yukinari Sugawara,Right-Back,2000-06-28,Japan,4500000,Southampton FC,340
4867,Christian Walton,Goalkeeper,1995-11-09,England,900000,Ipswich Town FC,349
81179,Arijanet Muric,Goalkeeper,1998-11-07,Kosovo,8000000,Ipswich Town FC,349
172723,Cieran Slicker,Goalkeeper,2002-09-15,Scotland,300000,Ipswich Town FC,349
4931,Conor Chaplin,Offence,1997-02-16,England,7000000,Ipswich Town FC,349
180838,Harry Clarke,Right-Back,2001-03-02,England,5000000,Ipswich Town FC,349
177477,Omari Hutchinson,Right Winger,2003-10-29,Jamaica,28000000,Ipswich Town FC,349
177008,Ali Al-Hamadi,Centre-Forward,2002-03-01,Iraq,2000000,Ipswich Town FC,349
151095,Liam Delap,Centre-Forward,2003-02-08,England,80000000,Ipswich Town FC,349
125651,Jacob Greaves,Centre-Back,2000-09-12,England,17000000,Ipswich Town FC,349
99120,Leif Davis,Left-Back,1999-12-31,England,15000000,Ipswich Town FC,349
31676,Jens Cajuste,Defensive Midfield,1999-08-10,Sweden,15000000,Ipswich Town FC,349
25650,Dara O'Shea,Centre-Back,1999-03-04,Ireland,5000000,Ipswich Town FC,349
25606,George Hirst,Centre-Forward,1999-02-15,England,4000000,Ipswich Town FC,349
8224,Ben Johnson,Right-Back,2000-01-24,England,48000000,Ipswich Town FC,349
7853,Nathan Broadhead,Left Winger,1998-04-05,Wales,5000000,Ipswich Town FC,349
5999,Jack Taylor,Central Midfield,1998-06-23,Ireland,1800000,Ipswich Town FC,349
5578,Samuel Szmodics,Attacking Midfield,1995-09-24,Ireland,130000000,Ipswich Town FC,349
5432,Cameron Burgess,Centre-Back,1995-10-21,Australia,1500000,Ipswich Town FC,349
5430,Conor Townsend,Left-Back,1993-03-04,England,38000000,Ipswich Town FC,349
5332,Wes Burns,Right Winger,1994-11-23,Wales,2000000,Ipswich Town FC,349
4440,Chiedozie Ogbene,Right Winger,1997-05-01,Ireland,1000000,Ipswich Town FC,349
4235,Luke Woolfenden,Centre-Back,1998-10-21,England,2000000,Ipswich Town FC,349
4158,Jack Clarke,Left Winger,2000-11-23,England,5000000,Ipswich Town FC,349
4147,Kalvin Phillips,Defensive Midfield,1995-12-02,England,18000000,Ipswich Town FC,349
3894,Axel Tuanzebe,Centre-Back,1997-11-14,DR Congo,3000000,Ipswich Town FC,349
3765,Sam Morsy,Central Midfield,1991-09-10,Egypt,900000,Ipswich Town FC,349
3416,Massimo Luongo,Central Midfield,1992-09-25,Australia,500000,Ipswich Town FC,349
3643,Matz Sels,Goalkeeper,1992-02-26,Belgium,7000000,Nottingham Forest FC,351
118029,Carlos Miguel,Goalkeeper,1998-10-09,Brazil,12000000,Nottingham Forest FC,351
265563,Ben Perry,Midfield,2004-10-11,England,12000000,Nottingham Forest FC,351
227007,Eric da Silva Moreira,Right Winger,2006-05-03,Germany,70000000,Nottingham Forest FC,351
204483,Zach Abbott,Centre-Back,2006-05-13,England,20000000,Nottingham Forest FC,351
192637,Murillo,Centre-Back,2002-07-04,Brazil,40000000,Nottingham Forest FC,351
166376,Anthony Elanga,Right Winger,2002-04-27,Sweden,25000000,Nottingham Forest FC,351
149920,Andrew Omobamidele,Centre-Back,2002-06-23,Ireland,11000000,Nottingham Forest FC,351
149704,Danilo dos Santos de Oliveira,Defensive Midfield,2001-04-29,Brazil,55000000,Nottingham Forest FC,351
140647,Ramón Sosa,Left Winger,1999-08-31,Paraguay,28000000,Nottingham Forest FC,351
136334,Jota Silva,Left Winger,1999-08-01,Portugal,10000000,Nottingham Forest FC,351
133765,Neco Williams,Right-Back,2001-04-13,Wales,17000000,Nottingham Forest FC,351
119596,Morato,Centre-Back,2001-06-30,Brazil,20000000,Nottingham Forest FC,351
107330,Elliot Anderson,Central Midfield,2002-11-06,Scotland,35000000,Nottingham Forest FC,351
46346,Nicolás Domínguez,Central Midfield,1998-06-28,Argentina,17000000,Nottingham Forest FC,351
32123,Alex Moreno,Left-Back,1993-06-08,Spain,15000000,Nottingham Forest FC,351
9218,Taiwo Awoniyi,Centre-Forward,1997-08-12,Nigeria,28000000,Nottingham Forest FC,351
8894,Emmanuel Dennis,Centre-Forward,1997-11-15,Nigeria,4200000,Nottingham Forest FC,351
8307,Ibrahim Sangaré,Defensive Midfield,1997-12-02,Ivory Coast,30000000,Nottingham Forest FC,351
8088,James Ward-Prowse,Central Midfield,1994-11-01,England,13000000,Nottingham Forest FC,351
8057,Chris Wood,Centre-Forward,1991-12-07,New Zealand,7000000,Nottingham Forest FC,351
7816,Callum Hudson-Odoi,Left Winger,2000-11-07,England,22000000,Nottingham Forest FC,351
5435,Ryan Yates,Central Midfield,1997-11-21,England,12000000,Nottingham Forest FC,351
4376,Harry Toffolo,Left-Back,1995-08-19,England,5000000,Nottingham Forest FC,351
4091,Morgan Gibbs-White,Attacking Midfield,2000-01-27,England,40000000,Nottingham Forest FC,351
4086,Willy Boly,Centre-Back,1991-02-03,Ivory Coast,2500000,Nottingham Forest FC,351
3386,Ola Aina,Right-Back,1996-10-08,Nigeria,12000000,Nottingham Forest FC,351
1775,Nikola Milenković,Centre-Back,1997-10-12,Serbia,12000000,Nottingham Forest FC,351
5457,Dean Henderson,Goalkeeper,1997-03-12,England,12000000,Crystal Palace FC,354
6413,Remi Matthews,Goalkeeper,1994-02-10,England,500000,Crystal Palace FC,354
76936,Matt Turner,Goalkeeper,1994-06-24,USA,8000000,Crystal Palace FC,354
172915,Louie Moulden,Goalkeeper,2002-01-06,England,2000000,Crystal Palace FC,354
270859,Caleb Kporha,Defence,2006-07-15,England,2000000,Crystal Palace FC,354
152149,Justin Devenny,Midfield,2003-10-11,Scotland,20000000,Crystal Palace FC,354
180389,Adam Wharton,Midfield,2004-02-06,England,30000000,Crystal Palace FC,354
247375,Franco Umeh,Offence,2005-01-26,Ireland,85000000,Crystal Palace FC,354
267927,Asher Agbinone,Offence,2005-09-28,England,12000000,Crystal Palace FC,354
272716,Zach Marsh,Offence,2005-10-06,England,60000000,Crystal Palace FC,354
22010,Daniel Muñoz,Right-Back,1996-05-26,Colombia,23000000,Crystal Palace FC,354
8145,Jeffrey Schlupp,Left Midfield,1992-12-23,Ghana,7000000,Crystal Palace FC,354
8141,Joel Ward,Right-Back,1989-10-29,England,1000000,Crystal Palace FC,354
8124,Will Hughes,Central Midfield,1995-04-17,England,9000000,Crystal Palace FC,354
7863,Nathaniel Clyne,Right-Back,1991-04-05,England,1500000,Crystal Palace FC,354
7810,Trevoh Chalobah,Centre-Back,1999-07-05,England,1500000,Crystal Palace FC,354
7800,Eddie Nketiah,Centre-Forward,1999-05-30,England,1500000,Crystal Palace FC,354
7784,Rob Holding,Centre-Back,1995-09-20,England,5000000,Crystal Palace FC,354
6716,Daichi Kamada,Attacking Midfield,1996-08-05,Japan,5000000,Crystal Palace FC,354
4032,Eberechi Eze,Attacking Midfield,1998-06-29,England,60000000,Crystal Palace FC,354
3737,Jefferson Lerma,Defensive Midfield,1994-10-25,Colombia,18000000,Crystal Palace FC,354
3638,Ismaïla Sarr,Right Winger,1998-02-25,Senegal,18000000,Crystal Palace FC,354
641,Jean-Philippe Mateta,Centre-Forward,1997-06-28,France,20000000,Crystal Palace FC,354
187401,Kaden Rodney,Defensive Midfield,2004-10-07,England,2000000,Crystal Palace FC,354
176241,Matheus Franca,Attacking Midfield,2004-04-01,Brazil,15000000,Crystal Palace FC,354
150948,Chadi Riad,Centre-Back,2003-06-17,Morocco,8000000,Crystal Palace FC,354
137068,Tyrick Mitchell,Left-Back,1999-09-01,England,25000000,Crystal Palace FC,354
118489,Marc Guéhi,Centre-Back,2000-07-13,England,45000000,Crystal Palace FC,354
99856,Chris Richards,Centre-Back,2000-03-28,USA,12000000,Crystal Palace FC,354
82351,Maxence Lacroix,Centre-Back,2000-04-06,France,20000000,Crystal Palace FC,354
74677,Cheick Doucouré,Defensive Midfield,2000-01-08,Mali,35000000,Crystal Palace FC,354
4040,Jason Steele,Goalkeeper,1990-08-18,England,3500000,Brighton & Hove Albion FC,397
126870,Bart Verbruggen,Goalkeeper,2002-08-18,Netherlands,22000000,Brighton & Hove Albion FC,397
265180,Killian Cahill,Goalkeeper,2003-11-03,Ireland,80000000,Brighton & Hove Albion FC,397
187397,Jacob Slater,Defence,2004-10-05,England,32000000,Brighton & Hove Albion FC,397
272833,Ruairi McConville,Defence,2005-05-01,Northern Ireland,32000000,Brighton & Hove Albion FC,397
130809,Evan Ferguson,Centre-Forward,2004-10-19,Ireland,45000000,Brighton & Hove Albion FC,397
103125,João Pedro,Centre-Forward,2001-09-26,Brazil,50000000,Brighton & Hove Albion FC,397
99952,Jakub Moder,Central Midfield,1999-04-07,Poland,10000000,Brighton & Hove Albion FC,397
98566,Jan Paul van Hecke,Centre-Back,2000-06-08,Netherlands,22000000,Brighton & Hove Albion FC,397
97505,Mats Wieffer,Defensive Midfield,1999-11-16,Netherlands,22000000,Brighton & Hove Albion FC,397
81189,Georginio Rutter,Centre-Forward,2002-04-20,France,12000000,Brighton & Hove Albion FC,397
32642,Pervis Estupiñán,Left-Back,1998-01-21,Ecuador,30000000,Brighton & Hove Albion FC,397
10777,Igor,Centre-Back,1998-02-07,Brazil,30000000,Brighton & Hove Albion FC,397
9869,Ferdi Kadıoğlu,Left-Back,1999-10-07,Turkey,30000000,Brighton & Hove Albion FC,397
8259,Lewis Dunk,Centre-Back,1991-11-21,England,12000000,Brighton & Hove Albion FC,397
7861,James Milner,Central Midfield,1986-01-04,England,1000000,Brighton & Hove Albion FC,397
7547,Joël Veltman,Right-Back,1992-01-15,Netherlands,8000000,Brighton & Hove Albion FC,397
4228,Adam Webster,Centre-Back,1995-01-04,England,15000000,Brighton & Hove Albion FC,397
3974,Matt O'Riley,Central Midfield,2000-11-21,Denmark,3000000,Brighton & Hove Albion FC,397
3328,Danny Welbeck,Centre-Forward,1990-11-26,England,5000000,Brighton & Hove Albion FC,397
204449,Cameron Peupion,Attacking Midfield,2002-09-23,Australia,12000000,Brighton & Hove Albion FC,397
191102,Brajan Gruda,Right Winger,2004-05-31,Germany,4000000,Brighton & Hove Albion FC,397
190851,Jack Hinshelwood,Central Midfield,2005-04-11,England,20000000,Brighton & Hove Albion FC,397
187482,Yankubah Minteh,Right Winger,2004-07-22,Gambia,1000000,Brighton & Hove Albion FC,397
183427,Adrian Mazilu,Right Winger,2005-09-13,Romania,130000000,Brighton & Hove Albion FC,397
178604,Carlos Baleba,Defensive Midfield,2004-01-03,Cameroon,22000000,Brighton & Hove Albion FC,397
175844,Ed Turns,Centre-Back,2002-10-18,Wales,2000000,Brighton & Hove Albion FC,397
168949,Julio Enciso,Attacking Midfield,2004-01-23,Paraguay,22000000,Brighton & Hove Albion FC,397
166249,Simon Adingra,Right Winger,2002-01-01,Ivory Coast,30000000,Brighton & Hove Albion FC,397
161365,Solly March,Right Winger,1994-07-20,England,15000000,Brighton & Hove Albion FC,397
149924,Imari Samuels,Left-Back,2003-02-05,England,55000000,Brighton & Hove Albion FC,397
145613,Yasin Ayari,Central Midfield,2003-10-06,Sweden,4500000,Brighton & Hove Albion FC,397
133787,Tariq Lamptey,Right-Back,2000-09-30,Ghana,12000000,Brighton & Hove Albion FC,397
132707,Kaoru Mitoma,Left Winger,1997-05-20,Japan,45000000,Brighton & Hove Albion FC,397
9923,Mark Flekken,Goalkeeper,1993-06-13,Netherlands,12000000,Brentford FC,402
144530,Hákon Rafn Valdimarsson,Goalkeeper,2001-10-13,Iceland,2500000,Brentford FC,402
150464,Matthew Cox,Goalkeeper,2003-05-02,England,800000,Brentford FC,402
270428,Tony Yogane,Midfield,2005-09-24,England,20000000,Brentford FC,402
175994,Thiago Rodrigues,Offence,2001-06-26,Brazil,130000000,Brentford FC,402
263324,Iwan Morgan,Offence,2006-01-29,Wales,18000000,Brentford FC,402
115642,Nathan Collins,Centre-Back,2001-04-30,Ireland,25000000,Brentford FC,402
101910,Keane Lewis-Potter,Left Winger,2001-02-22,England,18000000,Brentford FC,402
101111,Aaron Hickey,Right-Back,2002-01-01,Scotland,25000000,Brentford FC,402
24238,Mikkel Damsgaard,Left Winger,2000-07-03,Denmark,10000000,Brentford FC,402
24102,Christian Nørgaard,Defensive Midfield,1994-03-10,Denmark,18000000,Brentford FC,402
16068,Kristoffer Ajer,Centre-Back,1998-04-17,Norway,15000000,Brentford FC,402
15535,Mads Roerslev,Right-Back,1999-06-24,Denmark,10000000,Brentford FC,402
10194,Mathias Jensen,Central Midfield,1996-01-01,Denmark,28000000,Brentford FC,402
10000,Vitaly Janelt,Defensive Midfield,1998-05-10,Germany,22000000,Brentford FC,402
8626,Bryan Mbeumo,Right Winger,1999-08-07,Cameroon,40000000,Brentford FC,402
7796,Josh Dasilva,Central Midfield,1998-10-23,England,10000000,Brentford FC,402
7720,Sepp van den Berg,Centre-Back,2001-12-20,Netherlands,55000000,Brentford FC,402
4426,Rico Henry,Left-Back,1997-07-08,England,20000000,Brentford FC,402
4334,Ethan Pinnock,Centre-Back,1993-05-29,Jamaica,10000000,Brentford FC,402
612,Yoane Wissa,Centre-Forward,1996-09-03,DR Congo,28000000,Brentford FC,402
221783,Ji-soo Kim,Centre-Back,2004-12-24,South Korea,28000000,Brentford FC,402
218517,Jayden Meghoma,Left-Back,2006-06-28,England,350000,Brentford FC,402
214532,Yunus Konak,Defensive Midfield,,Turkey,3500000,Brentford FC,402
213296,Gustavo Gomes,Left Winger,2005-11-20,Brazil,17000000,Brentford FC,402
204421,Yegor Yarmolyuk,Attacking Midfield,2004-03-01,Ukraine,10000000,Brentford FC,402
188818,Ryan Trevitt,Central Midfield,2003-03-12,England,275000,Brentford FC,402
167115,Ben Mee,Centre-Back,1989-09-21,England,1000000,Brentford FC,402
151119,Fabio Carvalho,Attacking Midfield,2002-08-30,Portugal,28000000,Brentford FC,402
138015,Edmond-Paris Maghoma,Central Midfield,2001-05-08,England,350000,Brentford FC,402
131892,Ethan Brierley,Central Midfield,2003-11-23,England,0,Brentford FC,402
123286,Kevin Schade,Left Winger,2001-11-27,Germany,22000000,Brentford FC,402
3357,Alphonse Aréola,Goalkeeper,1993-02-27,France,10000000,West Ham United FC,563
3526,Łukasz Fabiański,Goalkeeper,1985-04-18,Poland,700000,West Ham United FC,563
34907,Wesley Foderingham,Goalkeeper,1991-01-14,England,130000000,West Ham United FC,563
188295,Regan Clayton,Defence,2004-11-11,England,20000000,West Ham United FC,563
273157,Ezra Mayers,Defence,2007-01-16,England,12000000,West Ham United FC,563
209125,Kaelan Casey,Centre-Back,2004-10-28,England,1000000,West Ham United FC,563
192653,Luis Guilherme,Right Winger,2006-02-09,Brazil,9000000,West Ham United FC,563
188900,Oliver Scarles,Left-Back,2005-12-12,England,90000000,West Ham United FC,563
179657,Kamarai Simon-Swyer,Attacking Midfield,2002-12-04,England,0,West Ham United FC,563
170617,Andy Irving,Central Midfield,2000-05-13,Scotland,8000000,West Ham United FC,563
102193,Crysencio Summerville,Left Winger,2001-10-30,Netherlands,40000000,West Ham United FC,563
79903,Jean-Clair Todibo,Centre-Back,1999-12-30,France,35000000,West Ham United FC,563
77399,Mohammed Kudus,Right Winger,2000-08-02,Ghana,50000000,West Ham United FC,563
62631,Vladimir Coufal,Right-Back,1992-08-22,Czech Republic,8000000,West Ham United FC,563
39104,Guido Rodríguez,Defensive Midfield,1994-04-12,Argentina,17000000,West Ham United FC,563
33148,Carlos Soler,Central Midfield,1997-01-02,Spain,22000000,West Ham United FC,563
25376,Max Kilman,Centre-Back,1997-05-23,England,30000000,West Ham United FC,563
15742,Tomáš Souček,Defensive Midfield,1995-02-27,Czech Republic,20000000,West Ham United FC,563
11414,Jarrod Bowen,Right Winger,1996-01-01,England,50000000,West Ham United FC,563
8212,Michail Antonio,Centre-Forward,1990-03-28,Jamaica,4000000,West Ham United FC,563
8201,Aaron Cresswell,Left-Back,1989-12-15,England,900000,West Ham United FC,563
8158,Aaron Wan-Bissaka,Right-Back,1997-11-26,England,16000000,West Ham United FC,563
7875,Danny Ings,Centre-Forward,1992-07-23,England,8000000,West Ham United FC,563
7809,Emerson,Left-Back,1994-08-03,Italy,12000000,West Ham United FC,563
7789,Konstantinos Mavropanos,Centre-Back,1997-12-11,Greece,20000000,West Ham United FC,563
3293,Edson Álvarez,Defensive Midfield,1997-10-24,Mexico,35000000,West Ham United FC,563
1543,Lucas Paquetá,Attacking Midfield,1997-08-27,Brazil,55000000,West Ham United FC,563
304,Niclas Füllkrug,Centre-Forward,1993-02-09,Germany,28000000,West Ham United FC,563
3189,Kepa Arrizabalaga,Goalkeeper,1994-10-03,Spain,28000000,AFC Bournemouth,1044
82135,Mark Travers,Goalkeeper,1999-05-18,Ireland,3500000,AFC Bournemouth,1044
131127,Will Dennis,Goalkeeper,2000-07-10,England,350000,AFC Bournemouth,1044
273152,Ben Winterburn,Midfield,,England,55000000,AFC Bournemouth,1044
191727,Dean Huijsen,Centre-Back,2005-04-14,Spain,55000000,AFC Bournemouth,1044
191449,Maxwell Kinsey-Wellings,Centre-Back,2005-02-02,England,200000,AFC Bournemouth,1044
177305,Dango Ouattara,Left Winger,2002-02-11,Burkina Faso,20000000,AFC Bournemouth,1044
171141,Milos Kerkez,Left-Back,2003-11-07,Hungary,20000000,AFC Bournemouth,1044
161088,Alex Scott,Central Midfield,2003-08-21,England,20000000,AFC Bournemouth,1044
143573,Illia Zabarnyi,Centre-Back,2002-09-01,Ukraine,32000000,AFC Bournemouth,1044
131260,Evanilson,Centre-Forward,1999-10-06,Brazil,28000000,AFC Bournemouth,1044
113335,Julian Araujo,Right-Back,2001-08-13,Mexico,4500000,AFC Bournemouth,1044
82145,James Hill,Centre-Back,2002-01-10,England,2000000,AFC Bournemouth,1044
80765,Max Aarons,Right-Back,2000-01-04,England,16000000,AFC Bournemouth,1044
77596,Tyler Adams,Defensive Midfield,1999-02-14,USA,15000000,AFC Bournemouth,1044
46046,Marcos Senesi,Centre-Back,1997-05-10,Argentina,22000000,AFC Bournemouth,1044
34495,Ryan Christie,Central Midfield,1995-02-22,Scotland,12000000,AFC Bournemouth,1044
33132,Enes Ünal,Centre-Forward,1997-05-10,Turkey,12000000,AFC Bournemouth,1044
22040,Luis Sinisterra,Left Winger,1999-06-17,Colombia,75000000,AFC Bournemouth,1044
8231,Adam Smith,Right-Back,1991-04-29,England,1000000,AFC Bournemouth,1044
8184,Philip Billing,Central Midfield,1996-06-11,Denmark,18000000,AFC Bournemouth,1044
7561,Justin Kluivert,Left Winger,1999-05-05,Netherlands,14000000,AFC Bournemouth,1044
6396,Marcus Tavernier,Left Midfield,1999-03-22,England,20000000,AFC Bournemouth,1044
4417,Antoine Semenyo,Right Winger,2000-01-07,Ghana,20000000,AFC Bournemouth,1044
4321,David Brooks,Right Winger,1997-07-08,Wales,8000000,AFC Bournemouth,1044
3327,Lewis Cook,Central Midfield,1997-02-03,England,12000000,AFC Bournemouth,1044
